userid,carid,starttime,endtime,numriders,region,numnearmisses,price,rating
9,spiderman,2018-10-02 03:00:21,2018-10-02 03:08:19,3,sf,0,3.25,5
12,superman,2018-10-02 03:01:30,2018-10-02 03:09:16,2,sf,0,2.95,5
3,hulk,2018-10-02 03:01:45,2018-10-02 03:09:15,2,sf,0,3.22,5
10,spiderman,2018-10-02 03:02:08,2018-10-02 03:15:34,3,sf,0,2.29,5
9,scarecrow,2018-10-02 03:02:13,2018-10-02 04:02:47,4,sf,0,2.93,1
15,robin,2018-10-02 03:03:00,2018-10-02 03:06:15,3,south sf,0,2.48,5
15,hulk,2018-10-02 03:03:07,2018-10-02 03:18:07,5,sf,0,3.42,5
19,scarecrow,2018-10-02 03:03:27,2018-10-02 03:12:18,1,sf,0,5.3,5
14,venom,2018-10-02 03:03:53,2018-10-02 03:17:18,3,sf,0,2.32,3
8,batman,2018-10-02 03:04:27,2018-10-02 03:16:24,4,south sf,0,2.92,5
16,joker,2018-10-02 03:05:46,2018-10-02 03:27:34,3,sf,0,2.92,3
20,ironman,2018-10-02 03:07:01,2018-10-02 03:07:54,2,sf,0,3.31,5
11,superman,2018-10-02 03:11:21,2018-10-02 03:13:14,1,sf,0,5.31,5
11,joker,2018-10-02 03:12:37,2018-10-02 03:22:34,2,sf,0,2.6,3
12,hulk,2018-10-02 03:14:04,2018-10-02 03:20:09,5,sf,0,2.86,5
4,hulk,2018-10-02 03:14:10,2018-10-02 03:23:12,5,sf,0,2.61,5
10,hulk,2018-10-02 03:14:50,2018-10-02 03:21:56,4,sf,0,3.42,5
14,scarecrow,2018-10-02 03:16:17,2018-10-02 03:30:26,3,sf,0,2.04,4
8,hulk,2018-10-02 03:17:02,2018-10-02 03:44:56,1,sf,0,5.2,3
12,ironman,2018-10-02 03:17:27,2018-10-02 03:18:43,2,sf,0,2.29,5
4,scarecrow,2018-10-02 03:17:45,2018-10-02 03:26:53,3,sf,0,2.33,3
2,venom,2018-10-02 03:20:32,2018-10-02 03:22:28,4,sf,0,2.58,5
18,batman,2018-10-02 03:21:21,2018-10-02 03:35:55,2,sf,0,2.86,3
15,venom,2018-10-02 03:22:51,2018-10-02 03:42:23,3,sf,0,2.03,3
2,hulk,2018-10-02 03:25:04,2018-10-02 03:36:09,1,sf,0,5.11,3
19,hulk,2018-10-02 03:25:33,2018-10-02 03:50:47,2,south sf,0,2.82,3
13,robin,2018-10-02 03:26:47,2018-10-02 03:42:29,5,sf,0,2.84,2
12,superman,2018-10-02 03:26:50,2018-10-02 04:31:09,5,sf,0,3.01,2
20,spiderman,2018-10-02 03:27:19,2018-10-02 03:31:57,3,sf,0,2.27,3
6,joker,2018-10-02 03:29:11,2018-10-02 03:37:30,4,sf,0,2.4,3
5,batman,2018-10-02 03:29:23,2018-10-02 03:48:28,3,south sf,0,3.09,3
2,spiderman,2018-10-02 03:30:10,2018-10-02 03:38:46,1,sf,0,6.01,5
14,joker,2018-10-02 03:30:41,2018-10-02 03:57:27,1,sf,0,6.16,3
9,hulk,2018-10-02 03:31:14,2018-10-02 03:32:13,1,sf,0,5,4
14,venom,2018-10-02 03:32:35,2018-10-02 03:51:07,3,sf,0,3.36,3
11,superman,2018-10-02 03:33:38,2018-10-02 03:43:48,5,sf,0,2.72,2
10,hulk,2018-10-02 03:37:35,2018-10-02 03:42:13,4,sf,0,2.97,5
11,scarecrow,2018-10-02 03:38:21,2018-10-02 03:39:28,3,sf,0,2.08,5
3,venom,2018-10-02 03:38:38,2018-10-02 03:51:41,3,sf,0,3.11,5
20,robin,2018-10-02 03:39:49,2018-10-02 03:49:21,3,sf,0,2.7,3
11,robin,2018-10-02 03:40:54,2018-10-02 03:44:27,4,sf,0,2.49,5
15,hulk,2018-10-02 03:41:09,2018-10-02 03:47:51,3,sf,0,3.14,5
2,venom,2018-10-02 03:42:13,2018-10-02 03:47:07,2,sf,0,2.54,4
14,superman,2018-10-02 03:43:58,2018-10-02 04:02:10,2,sf,0,3.22,3
7,superman,2018-10-02 03:44:35,2018-10-02 03:56:33,2,sf,0,2.48,3
12,ironman,2018-10-02 03:47:04,2018-10-02 03:47:40,2,sf,0,2.22,3
3,superman,2018-10-02 03:48:23,2018-10-02 03:58:10,5,south sf,0,2.49,5
12,batman,2018-10-02 03:52:48,2018-10-02 04:01:48,1,sf,0,6.49,3
10,superman,2018-10-02 03:53:23,2018-10-02 03:59:53,5,sf,0,3.3,5
8,superman,2018-10-02 03:53:43,2018-10-02 04:05:29,4,sf,0,2.64,5
17,venom,2018-10-02 03:55:17,2018-10-02 04:09:16,1,sf,0,5.77,3
4,spiderman,2018-10-02 03:58:15,2018-10-02 04:08:17,4,sf,0,3.11,5
7,scarecrow,2018-10-02 04:00:37,2018-10-02 04:19:55,5,sf,0,3.14,3
10,venom,2018-10-02 04:03:33,2018-10-02 04:15:22,4,sf,0,3.03,3
5,hulk,2018-10-02 04:04:42,2018-10-02 04:14:48,5,sf,0,2.95,5
20,hulk,2018-10-02 04:07:56,2018-10-02 04:09:15,1,sf,0,5.74,5
4,joker,2018-10-02 04:08:06,2018-10-02 04:12:37,5,south sf,0,2.65,5
18,joker,2018-10-02 04:10:03,2018-10-02 04:11:24,4,sf,0,3.2,4
7,superman,2018-10-02 04:12:10,2018-10-02 04:30:04,3,sf,0,2.91,3
1,robin,2018-10-02 04:13:30,2018-10-02 04:20:50,5,sf,0,2.55,5
7,ironman,2018-10-02 04:16:36,2018-10-02 04:19:15,3,south sf,0,2.42,4
11,batman,2018-10-02 04:17:05,2018-10-02 04:35:18,5,sf,0,2.71,3
9,ironman,2018-10-02 04:17:08,2018-10-02 04:25:11,3,sf,0,3.5,4
9,hulk,2018-10-02 04:17:36,2018-10-02 04:26:09,4,sf,0,2.02,5
7,ironman,2018-10-02 04:18:36,2018-10-02 04:42:19,3,sf,0,2.42,3
17,superman,2018-10-02 04:19:40,2018-10-02 04:31:11,1,sf,0,5.67,4
20,spiderman,2018-10-02 04:20:27,2018-10-02 04:43:31,2,sf,0,2.94,3
7,venom,2018-10-02 04:21:18,2018-10-02 04:49:11,4,sf,0,3.25,3
6,spiderman,2018-10-02 04:22:00,2018-10-02 04:25:54,4,south sf,0,3.1,4
20,robin,2018-10-02 04:23:50,2018-10-02 04:36:29,1,sf,0,6.28,4
15,ironman,2018-10-02 04:24:24,2018-10-02 04:46:00,3,sf,0,2.71,3
11,robin,2018-10-02 04:24:31,2018-10-02 04:31:17,3,sf,0,3.39,5
4,scarecrow,2018-10-02 04:24:38,2018-10-02 05:27:14,5,sf,0,2.12,2
19,spiderman,2018-10-02 04:26:50,2018-10-02 04:40:49,3,sf,0,3.41,5
15,scarecrow,2018-10-02 04:28:16,2018-10-02 05:55:29,5,sf,0,2.56,2
16,hulk,2018-10-02 04:29:22,2018-10-02 04:29:31,2,sf,0,2.29,4
1,robin,2018-10-02 04:30:22,2018-10-02 04:59:21,5,sf,0,2.88,2
15,venom,2018-10-02 04:30:55,2018-10-02 04:37:52,2,sf,0,2.43,5
19,joker,2018-10-02 04:32:16,2018-10-02 04:46:41,5,sf,0,2.79,5
19,scarecrow,2018-10-02 04:33:12,2018-10-02 04:40:02,4,sf,0,3.16,5
13,venom,2018-10-02 04:37:08,2018-10-02 04:44:11,5,sf,0,2.18,5
13,ironman,2018-10-02 04:37:41,2018-10-02 04:38:22,3,sf,0,3.26,4
3,spiderman,2018-10-02 04:37:50,2018-10-02 04:40:40,1,sf,0,5.52,5
4,batman,2018-10-02 04:37:50,2018-10-02 04:47:52,4,sf,0,2.52,5
10,venom,2018-10-02 04:38:20,2018-10-02 04:56:28,5,sf,0,2.48,2
3,hulk,2018-10-02 04:38:56,2018-10-02 04:50:25,2,sf,0,3.49,5
9,ironman,2018-10-02 04:39:39,2018-10-02 04:39:55,5,south sf,0,2.67,3
3,robin,2018-10-02 04:39:53,2018-10-02 04:51:52,1,sf,0,5.37,5
2,hulk,2018-10-02 04:42:08,2018-10-02 04:56:47,5,sf,0,3.07,2
3,spiderman,2018-10-02 04:42:50,2018-10-02 04:44:47,5,sf,0,3.21,5
6,ironman,2018-10-02 04:43:35,2018-10-02 04:52:53,5,sf,0,3.26,3
11,venom,2018-10-02 04:43:49,2018-10-02 04:47:11,5,sf,0,3.09,5
3,superman,2018-10-02 04:43:57,2018-10-02 05:01:49,2,sf,0,3.02,3
14,batman,2018-10-02 04:47:27,2018-10-02 05:06:58,3,sf,0,2.2,3
8,batman,2018-10-02 04:47:50,2018-10-02 04:50:39,1,sf,0,5.25,4
10,superman,2018-10-02 04:48:43,2018-10-02 04:49:19,5,sf,0,2.79,5
9,spiderman,2018-10-02 04:50:02,2018-10-02 04:56:22,1,sf,0,5.59,5
14,robin,2018-10-02 04:50:24,2018-10-02 05:07:33,1,sf,0,5.24,3
10,ironman,2018-10-02 04:50:44,2018-10-02 04:58:36,3,sf,0,3.33,3
4,scarecrow,2018-10-02 04:51:06,2018-10-02 05:12:42,4,sf,0,3.49,3
10,hulk,2018-10-02 04:54:16,2018-10-02 04:56:57,3,sf,0,2.35,5
2,hulk,2018-10-02 04:57:25,2018-10-02 05:08:19,1,sf,0,5.21,3
3,batman,2018-10-02 04:59:09,2018-10-02 05:25:52,5,sf,0,2.85,3
1,hulk,2018-10-02 05:00:03,2018-10-02 05:00:43,4,sf,0,2.89,5
14,superman,2018-10-02 05:00:13,2018-10-02 05:20:06,5,sf,0,2.65,3
1,robin,2018-10-02 05:00:16,2018-10-02 05:06:13,3,sf,0,3.1,5
11,scarecrow,2018-10-02 05:00:20,2018-10-02 06:21:42,5,sf,0,3.03,2
20,scarecrow,2018-10-02 05:03:38,2018-10-02 05:04:37,5,sf,0,3.12,3
15,scarecrow,2018-10-02 05:03:52,2018-10-02 05:18:15,2,sf,0,2.64,4
6,spiderman,2018-10-02 05:04:08,2018-10-02 05:16:00,3,sf,0,2.79,3
20,joker,2018-10-02 05:06:47,2018-10-02 05:10:11,2,sf,0,3.03,5
4,joker,2018-10-02 05:06:58,2018-10-02 05:08:57,3,sf,0,2.2,4
17,venom,2018-10-02 05:07:52,2018-10-02 05:19:58,4,south sf,0,2.25,4
1,hulk,2018-10-02 05:09:03,2018-10-02 05:21:19,2,sf,0,2.58,3
19,batman,2018-10-02 05:13:51,2018-10-02 05:27:30,3,sf,0,2.86,5
2,hulk,2018-10-02 05:14:39,2018-10-02 05:23:22,2,sf,0,3.22,3
5,batman,2018-10-02 05:14:49,2018-10-02 05:19:16,5,sf,0,3.23,2
6,batman,2018-10-02 05:17:31,2018-10-02 05:24:21,3,sf,0,3.39,3
6,superman,2018-10-02 05:18:35,2018-10-02 05:28:34,1,sf,0,5.51,5
6,joker,2018-10-02 05:18:46,2018-10-02 05:26:43,5,sf,0,3.08,5
15,robin,2018-10-02 05:20:14,2018-10-02 05:34:38,3,sf,0,3.42,5
6,robin,2018-10-02 05:21:01,2018-10-02 05:28:59,4,sf,0,3.43,3
20,batman,2018-10-02 05:26:51,2018-10-02 05:43:46,5,sf,0,3.37,3
13,hulk,2018-10-02 05:30:30,2018-10-02 05:42:37,1,sf,0,6.41,5
5,venom,2018-10-02 05:30:50,2018-10-02 05:43:34,4,sf,0,3.38,3
1,joker,2018-10-02 05:31:30,2018-10-02 05:33:19,2,sf,0,2.91,5
7,robin,2018-10-02 05:33:31,2018-10-02 06:54:10,2,sf,1,2.41,1
13,hulk,2018-10-02 05:34:51,2018-10-02 05:35:21,4,sf,0,2.32,5
13,robin,2018-10-02 05:35:41,2018-10-02 05:49:59,5,sf,0,2.41,4
3,spiderman,2018-10-02 05:35:43,2018-10-02 06:38:18,5,sf,0,2.04,2
6,hulk,2018-10-02 05:36:29,2018-10-02 05:50:54,5,sf,0,2.74,4
17,venom,2018-10-02 05:38:42,2018-10-02 05:49:43,1,sf,0,5.41,5
8,robin,2018-10-02 05:39:28,2018-10-02 05:51:24,1,sf,0,5.41,4
8,hulk,2018-10-02 05:40:13,2018-10-02 05:53:00,5,sf,0,2.41,2
16,hulk,2018-10-02 05:40:17,2018-10-02 05:45:22,4,sf,0,2.88,4
14,spiderman,2018-10-02 05:41:12,2018-10-02 05:48:51,3,sf,0,2.11,5
4,superman,2018-10-02 05:42:47,2018-10-02 06:05:14,3,sf,0,3.45,3
20,spiderman,2018-10-02 05:42:53,2018-10-02 06:07:37,2,sf,0,2.39,3
11,batman,2018-10-02 05:44:12,2018-10-02 06:05:01,1,sf,0,6.42,3
16,superman,2018-10-02 05:46:06,2018-10-02 06:49:21,4,sf,3,2.96,1
20,hulk,2018-10-02 05:46:07,2018-10-02 05:53:00,1,sf,0,5.41,3
17,hulk,2018-10-02 05:48:57,2018-10-02 05:55:52,3,sf,0,2.09,5
1,venom,2018-10-02 05:49:40,2018-10-02 06:00:50,2,sf,0,2.7,3
20,hulk,2018-10-02 05:51:19,2018-10-02 05:54:27,5,sf,0,2.12,4
3,robin,2018-10-02 05:51:42,2018-10-02 06:03:12,2,sf,0,2.31,5
18,hulk,2018-10-02 05:51:56,2018-10-02 06:12:37,5,sf,0,2.2,3
5,spiderman,2018-10-02 05:59:07,2018-10-02 06:05:18,2,sf,0,3.44,4
17,batman,2018-10-02 06:00:27,2018-10-02 06:04:01,5,sf,0,2.5,5
14,hulk,2018-10-02 06:01:22,2018-10-02 06:14:22,4,sf,0,3.41,5
13,venom,2018-10-02 06:01:26,2018-10-02 06:09:15,4,sf,0,3.2,3
10,hulk,2018-10-02 06:02:18,2018-10-02 06:12:46,3,sf,0,2.05,5
12,joker,2018-10-02 06:05:38,2018-10-02 06:06:27,5,sf,0,3.08,5
4,spiderman,2018-10-02 06:06:03,2018-10-02 06:19:26,5,sf,0,2.02,4
20,robin,2018-10-02 06:06:36,2018-10-02 06:21:55,2,sf,0,2.66,3
11,hulk,2018-10-02 06:12:22,2018-10-02 06:13:41,5,sf,0,2.04,3
1,ironman,2018-10-02 06:12:41,2018-10-02 06:14:51,3,sf,0,3.21,3
15,hulk,2018-10-02 06:13:09,2018-10-02 07:35:22,5,sf,0,3.16,2
15,hulk,2018-10-02 06:16:08,2018-10-02 06:19:14,5,sf,0,2.65,5
12,robin,2018-10-02 06:16:28,2018-10-02 06:30:00,5,sf,0,2.93,5
15,ironman,2018-10-02 06:16:54,2018-10-02 06:38:30,1,sf,0,5.9,3
1,scarecrow,2018-10-02 06:18:36,2018-10-02 06:27:40,1,sf,0,6.21,4
15,superman,2018-10-02 06:19:10,2018-10-02 06:28:54,2,sf,0,2.17,3
2,robin,2018-10-02 06:19:33,2018-10-02 06:20:13,5,sf,0,3.43,5
6,venom,2018-10-02 06:19:58,2018-10-02 06:47:10,1,sf,0,5.58,3
13,spiderman,2018-10-02 06:20:19,2018-10-02 06:24:01,5,sf,0,2.73,3
6,robin,2018-10-02 06:20:23,2018-10-02 06:37:56,3,sf,0,2.21,3
11,batman,2018-10-02 06:23:06,2018-10-02 06:26:51,5,south sf,0,3.45,4
9,scarecrow,2018-10-02 06:24:21,2018-10-02 06:41:10,5,sf,0,2.14,3
4,batman,2018-10-02 06:25:06,2018-10-02 06:34:55,4,sf,0,3.05,3
15,ironman,2018-10-02 06:25:09,2018-10-02 06:36:20,2,sf,0,2.58,5
1,ironman,2018-10-02 06:25:56,2018-10-02 06:37:13,4,sf,0,2.63,3
7,ironman,2018-10-02 06:26:00,2018-10-02 06:43:17,5,sf,0,3.33,2
14,ironman,2018-10-02 06:28:54,2018-10-02 06:39:24,2,sf,0,3.46,3
20,robin,2018-10-02 06:29:50,2018-10-02 06:46:15,1,sf,0,5.13,3
18,joker,2018-10-02 06:29:54,2018-10-02 06:57:50,2,sf,0,2.14,3
15,hulk,2018-10-02 06:35:53,2018-10-02 07:01:53,1,sf,0,6.19,3
8,superman,2018-10-02 06:36:13,2018-10-02 06:41:28,5,sf,0,2.72,5
3,scarecrow,2018-10-02 06:37:14,2018-10-02 06:41:20,3,sf,0,3.48,4
1,spiderman,2018-10-02 06:38:57,2018-10-02 06:51:49,2,sf,0,2.7,5
16,ironman,2018-10-02 06:41:20,2018-10-02 06:46:01,4,sf,0,2.35,4
4,venom,2018-10-02 06:42:01,2018-10-02 06:42:06,1,sf,0,5.31,5
8,joker,2018-10-02 06:42:07,2018-10-02 06:56:53,5,sf,0,2.27,4
19,batman,2018-10-02 06:43:16,2018-10-02 06:54:52,4,sf,0,2.17,5
17,batman,2018-10-02 06:44:47,2018-10-02 06:48:18,4,sf,0,3.32,3
18,hulk,2018-10-02 06:50:17,2018-10-02 06:50:46,1,sf,0,5.76,4
12,scarecrow,2018-10-02 06:52:25,2018-10-02 07:02:27,5,sf,0,3.45,5
6,batman,2018-10-02 06:52:43,2018-10-02 07:16:11,5,sf,0,3.27,3
14,robin,2018-10-02 06:53:01,2018-10-02 07:04:53,5,sf,0,2.09,3
20,hulk,2018-10-02 06:53:35,2018-10-02 07:00:46,2,sf,0,2.3,5
9,scarecrow,2018-10-02 06:54:05,2018-10-02 08:10:39,5,sf,0,2.33,2
14,batman,2018-10-02 06:54:43,2018-10-02 07:05:48,1,sf,0,5.24,3
17,hulk,2018-10-02 06:54:56,2018-10-02 07:06:50,4,sf,0,2.74,5
8,joker,2018-10-02 06:56:51,2018-10-02 07:01:43,5,sf,0,2.19,3
6,spiderman,2018-10-02 06:56:56,2018-10-02 07:23:15,4,sf,0,2.33,3
1,joker,2018-10-02 06:58:13,2018-10-02 06:59:34,2,sf,0,2.87,4
15,venom,2018-10-02 06:58:39,2018-10-02 07:08:15,1,sf,0,5.6,5
10,ironman,2018-10-02 06:58:57,2018-10-02 07:25:50,4,sf,0,2.09,3
8,spiderman,2018-10-02 06:59:08,2018-10-02 07:02:51,5,sf,0,2.69,5
16,hulk,2018-10-02 07:02:31,2018-10-02 07:29:22,1,sf,0,5.46,3
11,venom,2018-10-02 07:03:45,2018-10-02 07:30:10,5,sf,0,3.43,3
18,hulk,2018-10-02 07:05:14,2018-10-02 07:08:16,3,sf,0,2.97,3
3,robin,2018-10-02 07:05:16,2018-10-02 07:06:43,3,south sf,0,3.33,4
15,ironman,2018-10-02 07:06:56,2018-10-02 07:16:09,5,sf,0,3.45,5
2,venom,2018-10-02 07:07:35,2018-10-02 07:10:38,4,sf,0,3.32,3
1,venom,2018-10-02 07:09:20,2018-10-02 07:13:16,5,sf,0,2.47,5
16,hulk,2018-10-02 07:09:52,2018-10-02 07:21:33,1,sf,0,6.44,3
14,robin,2018-10-02 07:10:52,2018-10-02 07:16:39,4,sf,0,2.77,5
11,superman,2018-10-02 07:12:10,2018-10-02 07:26:55,4,sf,0,2.44,5
4,superman,2018-10-02 07:12:21,2018-10-02 08:21:23,3,sf,2,2.99,1
12,spiderman,2018-10-02 07:12:46,2018-10-02 07:21:49,3,sf,0,2.48,3
2,superman,2018-10-02 07:13:45,2018-10-02 08:32:29,2,sf,1,2.84,2
20,superman,2018-10-02 07:14:17,2018-10-02 07:22:36,5,sf,0,2.06,3
1,joker,2018-10-02 07:16:15,2018-10-02 08:20:46,4,sf,1,2.57,1
8,batman,2018-10-02 07:16:28,2018-10-02 07:20:20,5,sf,0,3.11,3
5,joker,2018-10-02 07:20:50,2018-10-02 07:29:39,1,sf,0,6.14,5
2,hulk,2018-10-02 07:22:52,2018-10-02 07:28:48,2,sf,0,3.14,4
2,batman,2018-10-02 07:23:11,2018-10-02 07:26:10,4,sf,0,3.28,3
1,venom,2018-10-02 07:24:26,2018-10-02 07:37:34,4,sf,0,2.63,5
3,spiderman,2018-10-02 07:25:47,2018-10-02 07:41:55,2,sf,0,2.52,3
1,spiderman,2018-10-02 07:27:04,2018-10-02 07:40:30,3,sf,0,2.33,5
2,robin,2018-10-02 07:27:50,2018-10-02 07:39:22,3,sf,0,2.99,3
14,superman,2018-10-02 07:28:02,2018-10-02 07:29:14,3,sf,0,2.34,5
16,hulk,2018-10-02 07:28:08,2018-10-02 07:31:30,4,sf,0,3.24,4
19,superman,2018-10-02 07:28:52,2018-10-02 07:57:48,3,sf,0,3.18,3
2,joker,2018-10-02 07:29:13,2018-10-02 07:40:02,3,sf,0,3.29,5
7,robin,2018-10-02 07:29:48,2018-10-02 07:44:29,1,sf,0,5.51,5
4,batman,2018-10-02 07:33:09,2018-10-02 07:49:48,4,sf,0,3.12,3
5,batman,2018-10-02 07:35:14,2018-10-02 08:04:43,4,sf,0,2.15,3
1,superman,2018-10-02 07:35:49,2018-10-02 07:39:38,5,sf,0,2.42,2
20,venom,2018-10-02 07:37:14,2018-10-02 07:43:40,4,sf,0,2.49,3
18,joker,2018-10-02 07:37:30,2018-10-02 07:51:17,5,sf,0,2.61,2
10,venom,2018-10-02 07:39:05,2018-10-02 07:40:46,3,sf,0,3.27,3
5,scarecrow,2018-10-02 07:39:21,2018-10-02 07:41:59,4,sf,0,2.44,3
1,robin,2018-10-02 07:44:10,2018-10-02 08:01:36,5,sf,0,2.29,2
3,scarecrow,2018-10-02 07:46:36,2018-10-02 07:54:27,4,sf,0,2.87,5
8,superman,2018-10-02 07:49:26,2018-10-02 07:53:36,1,sf,0,6.36,5
1,spiderman,2018-10-02 07:49:51,2018-10-02 07:51:34,3,south sf,0,2.89,5
18,batman,2018-10-02 07:50:39,2018-10-02 08:00:43,4,sf,0,3.3,5
14,joker,2018-10-02 07:51:54,2018-10-02 08:05:07,5,sf,0,2.19,5
20,batman,2018-10-02 07:53:00,2018-10-02 07:54:50,4,sf,0,3.13,3
13,hulk,2018-10-02 07:53:49,2018-10-02 08:05:11,2,sf,0,2.6,5
14,joker,2018-10-02 07:55:03,2018-10-02 08:04:58,2,sf,0,3.23,5
15,venom,2018-10-02 07:57:05,2018-10-02 08:10:38,5,sf,0,2.4,5
10,scarecrow,2018-10-02 07:57:42,2018-10-02 08:17:13,5,sf,0,2.63,2
2,scarecrow,2018-10-02 07:58:46,2018-10-02 08:21:29,3,sf,0,3.12,3
6,robin,2018-10-02 07:58:59,2018-10-02 08:05:13,1,sf,0,5.95,5
19,spiderman,2018-10-02 07:58:59,2018-10-02 08:09:58,2,sf,0,2.08,5
5,spiderman,2018-10-02 08:01:31,2018-10-02 08:12:18,2,sf,0,2.14,3
1,scarecrow,2018-10-02 08:03:16,2018-10-02 08:06:56,5,sf,0,3.36,2
16,robin,2018-10-02 08:03:26,2018-10-02 08:12:57,2,sf,0,2.21,3
5,robin,2018-10-02 08:05:23,2018-10-02 08:23:41,5,sf,0,2.83,3
6,batman,2018-10-02 08:06:14,2018-10-02 08:25:31,4,sf,0,2.36,3
4,scarecrow,2018-10-02 08:06:56,2018-10-02 08:08:26,5,sf,0,3.08,3
2,joker,2018-10-02 08:09:38,2018-10-02 08:15:27,2,sf,0,2.03,3
9,joker,2018-10-02 08:11:26,2018-10-02 08:18:33,1,sf,0,6.31,5
15,robin,2018-10-02 08:12:55,2018-10-02 08:14:10,4,sf,0,3.3,5
20,robin,2018-10-02 08:13:11,2018-10-02 08:23:31,4,sf,0,2.5,5
19,ironman,2018-10-02 08:13:44,2018-10-02 08:20:24,5,sf,0,2.55,4
10,superman,2018-10-02 08:13:46,2018-10-02 08:40:57,2,sf,0,3.31,3
5,venom,2018-10-02 08:14:13,2018-10-02 08:27:03,2,sf,0,2.87,4
15,robin,2018-10-02 08:17:42,2018-10-02 08:28:13,5,sf,0,3.36,4
1,ironman,2018-10-02 08:19:55,2018-10-02 08:30:50,1,sf,0,5.04,3
7,venom,2018-10-02 08:21:32,2018-10-02 08:24:10,2,sf,0,2.48,4
15,batman,2018-10-02 08:29:24,2018-10-02 08:32:22,2,sf,0,2.19,3
8,superman,2018-10-02 08:29:28,2018-10-02 08:44:22,5,sf,0,3.01,3
3,batman,2018-10-02 08:30:05,2018-10-02 08:41:15,1,sf,0,5.1,3
18,robin,2018-10-02 08:30:49,2018-10-02 08:39:53,2,sf,0,2.21,5
15,hulk,2018-10-02 08:30:55,2018-10-02 08:44:28,5,sf,0,2.22,5
7,joker,2018-10-02 08:32:09,2018-10-02 08:34:19,5,sf,0,3.5,5
10,hulk,2018-10-02 08:33:26,2018-10-02 08:38:54,5,sf,0,2.38,3
3,venom,2018-10-02 08:36:03,2018-10-02 09:00:40,3,sf,0,3.24,3
4,hulk,2018-10-02 08:36:34,2018-10-02 08:40:06,3,sf,0,2.7,5
10,venom,2018-10-02 08:41:42,2018-10-02 08:42:39,2,sf,0,2.12,5
10,batman,2018-10-02 08:43:38,2018-10-02 09:44:18,5,sf,0,2.88,2
6,ironman,2018-10-02 08:44:02,2018-10-02 08:50:48,3,sf,0,3.09,3
15,scarecrow,2018-10-02 08:44:46,2018-10-02 08:52:22,4,sf,0,3.1,5
3,venom,2018-10-02 08:44:57,2018-10-02 08:53:26,5,sf,0,2.43,5
15,spiderman,2018-10-02 08:45:18,2018-10-02 09:13:40,4,sf,0,3.21,3
8,superman,2018-10-02 08:46:45,2018-10-02 08:49:05,3,sf,0,2.97,4
16,robin,2018-10-02 08:49:52,2018-10-02 08:50:14,1,sf,0,5.4,3
14,venom,2018-10-02 08:53:14,2018-10-02 08:59:07,3,sf,0,2.14,4
7,scarecrow,2018-10-02 08:54:11,2018-10-02 09:18:18,5,sf,0,3.07,2
1,hulk,2018-10-02 09:00:07,2018-10-02 09:13:20,2,sf,0,2.18,5
9,hulk,2018-10-02 09:00:07,2018-10-02 09:12:09,3,sf,0,2.24,5
19,ironman,2018-10-02 09:03:48,2018-10-02 09:12:08,2,sf,0,2.58,3
8,batman,2018-10-02 09:06:40,2018-10-02 09:10:16,3,sf,0,2.24,3
1,venom,2018-10-02 09:08:30,2018-10-02 09:22:56,1,sf,0,5.55,4
2,superman,2018-10-02 09:08:42,2018-10-02 09:17:34,4,sf,0,2.34,3
3,superman,2018-10-02 09:10:03,2018-10-02 09:12:58,1,sf,0,5.06,5
4,robin,2018-10-02 09:11:06,2018-10-02 09:20:11,2,sf,0,2.34,5
14,hulk,2018-10-02 09:12:33,2018-10-02 09:22:43,3,sf,0,3.25,3
13,venom,2018-10-02 09:13:07,2018-10-02 09:33:49,4,sf,0,2.07,3
17,superman,2018-10-02 09:15:49,2018-10-02 09:19:32,5,sf,0,3.28,4
11,robin,2018-10-02 09:15:56,2018-10-02 09:24:41,1,sf,0,6.44,5
4,spiderman,2018-10-02 09:18:22,2018-10-02 09:20:44,4,sf,0,3.47,4
7,superman,2018-10-02 09:18:33,2018-10-02 10:42:25,3,sf,5,3.5,1
11,robin,2018-10-02 09:19:16,2018-10-02 09:26:02,1,sf,0,5.15,3
1,spiderman,2018-10-02 09:19:17,2018-10-02 09:31:28,4,sf,0,3.21,3
19,spiderman,2018-10-02 09:21:14,2018-10-02 10:40:08,3,sf,1,2.34,2
5,batman,2018-10-02 09:21:44,2018-10-02 10:41:45,2,sf,1,3.23,2
6,hulk,2018-10-02 09:22:02,2018-10-02 09:33:23,1,sf,0,6.16,3
11,joker,2018-10-02 09:22:24,2018-10-02 09:23:17,5,sf,0,3.42,3
6,venom,2018-10-02 09:23:05,2018-10-02 09:27:14,5,sf,0,3.23,2
16,batman,2018-10-02 09:23:33,2018-10-02 09:34:33,4,sf,0,3.13,5
13,hulk,2018-10-02 09:24:29,2018-10-02 09:29:26,3,sf,0,2.53,5
15,ironman,2018-10-02 09:25:24,2018-10-02 09:37:57,1,south sf,0,5.74,3
10,joker,2018-10-02 09:28:31,2018-10-02 10:31:50,5,sf,0,2.29,2
1,robin,2018-10-02 09:28:46,2018-10-02 09:33:54,4,sf,0,2.43,5
16,batman,2018-10-02 09:28:55,2018-10-02 09:34:53,4,sf,0,2.21,4
12,venom,2018-10-02 09:29:03,2018-10-02 09:43:20,1,sf,0,5.25,3
20,venom,2018-10-02 09:30:53,2018-10-02 09:40:06,5,sf,0,3.23,2
19,robin,2018-10-02 09:31:15,2018-10-02 09:42:43,3,sf,0,3.09,4
4,ironman,2018-10-02 09:31:43,2018-10-02 09:33:52,3,sf,0,2.31,5
11,scarecrow,2018-10-02 09:34:20,2018-10-02 09:36:52,2,sf,0,2.67,5
11,hulk,2018-10-02 09:34:57,2018-10-02 09:46:11,1,sf,0,5.1,5
16,ironman,2018-10-02 09:36:08,2018-10-02 09:38:58,1,sf,0,6.22,4
7,robin,2018-10-02 09:36:11,2018-10-02 09:50:48,1,south sf,0,5.79,5
12,spiderman,2018-10-02 09:37:53,2018-10-02 09:40:08,1,sf,0,5.53,3
8,ironman,2018-10-02 09:38:33,2018-10-02 09:41:10,3,sf,0,2.6,5
7,scarecrow,2018-10-02 09:38:53,2018-10-02 09:39:56,3,sf,0,2.6,3
15,joker,2018-10-02 09:39:54,2018-10-02 09:48:05,1,sf,0,5.64,3
17,scarecrow,2018-10-02 09:40:03,2018-10-02 10:54:13,1,sf,1,5.8,1
10,hulk,2018-10-02 09:42:13,2018-10-02 09:44:31,5,sf,0,2.86,5
10,ironman,2018-10-02 09:43:21,2018-10-02 09:55:46,2,sf,0,3,3
17,spiderman,2018-10-02 09:43:39,2018-10-02 10:47:53,3,sf,1,2.69,2
8,ironman,2018-10-02 09:44:52,2018-10-02 09:51:00,4,sf,0,3.32,5
19,hulk,2018-10-02 09:44:56,2018-10-02 09:51:06,2,sf,0,2.12,5
4,hulk,2018-10-02 09:45:03,2018-10-02 09:56:44,5,sf,0,3.34,4
5,hulk,2018-10-02 09:47:00,2018-10-02 09:52:05,5,sf,0,2.06,2
1,ironman,2018-10-02 09:48:16,2018-10-02 11:04:42,3,sf,1,3.09,2
3,spiderman,2018-10-02 09:50:08,2018-10-02 09:57:03,1,sf,0,5.41,5
17,hulk,2018-10-02 09:50:19,2018-10-02 09:53:38,5,sf,0,3.46,5
10,hulk,2018-10-02 09:51:34,2018-10-02 09:54:38,4,sf,0,2.89,3
18,scarecrow,2018-10-02 09:51:51,2018-10-02 10:20:13,2,sf,0,2.96,3
14,ironman,2018-10-02 09:52:10,2018-10-02 09:54:20,2,sf,0,2.46,3
3,robin,2018-10-02 09:52:14,2018-10-02 09:52:58,4,sf,0,2.93,3
9,ironman,2018-10-02 09:52:16,2018-10-02 10:11:16,2,sf,0,2.95,3
4,batman,2018-10-02 09:53:37,2018-10-02 10:04:56,5,sf,0,3.33,3
8,spiderman,2018-10-02 09:53:48,2018-10-02 10:07:54,2,sf,0,2.46,3
5,hulk,2018-10-02 09:53:51,2018-10-02 09:58:17,5,sf,0,3.11,5
17,batman,2018-10-02 09:55:50,2018-10-02 10:09:19,4,sf,0,2.86,3
13,spiderman,2018-10-02 09:55:52,2018-10-02 10:25:03,5,sf,0,3.27,3
3,ironman,2018-10-02 09:56:48,2018-10-02 10:22:39,3,sf,0,2.41,3
12,scarecrow,2018-10-02 09:59:54,2018-10-02 10:11:08,4,sf,0,2.57,5
1,hulk,2018-10-02 10:00:35,2018-10-02 10:09:30,2,sf,0,3.03,5
4,hulk,2018-10-02 10:01:52,2018-10-02 10:02:33,5,sf,0,2.72,5
7,robin,2018-10-02 10:02:29,2018-10-02 10:30:54,5,sf,0,3.25,3
17,hulk,2018-10-02 10:03:22,2018-10-02 10:12:53,5,sf,0,3.4,5
14,hulk,2018-10-02 10:03:40,2018-10-02 10:29:46,4,sf,0,2.16,3
20,scarecrow,2018-10-02 10:05:47,2018-10-02 10:18:38,1,sf,0,5.24,4
10,hulk,2018-10-02 10:08:31,2018-10-02 10:22:04,4,sf,0,3.13,5
13,scarecrow,2018-10-02 10:11:01,2018-10-02 10:36:47,1,sf,0,6.45,3
10,ironman,2018-10-02 10:12:02,2018-10-02 10:18:05,4,sf,0,3.23,5
2,venom,2018-10-02 10:12:42,2018-10-02 10:41:02,2,sf,0,2.17,3
1,hulk,2018-10-02 10:12:55,2018-10-02 10:27:46,3,sf,0,2.95,3
13,scarecrow,2018-10-02 10:13:05,2018-10-02 10:26:03,4,sf,0,2.58,3
2,scarecrow,2018-10-02 10:14:46,2018-10-02 10:25:20,3,sf,0,3.47,5
7,spiderman,2018-10-02 10:15:29,2018-10-02 10:25:25,3,sf,0,2.32,3
19,ironman,2018-10-02 10:17:04,2018-10-02 10:17:08,3,sf,0,2.04,3
14,spiderman,2018-10-02 10:17:24,2018-10-02 10:27:28,5,sf,0,2.49,2
2,joker,2018-10-02 10:18:54,2018-10-02 10:22:02,1,sf,0,6.17,5
4,scarecrow,2018-10-02 10:20:42,2018-10-02 10:23:16,1,sf,0,6.45,4
2,scarecrow,2018-10-02 10:20:45,2018-10-02 10:23:45,2,sf,0,2.19,3
5,batman,2018-10-02 10:20:56,2018-10-02 10:42:31,1,sf,0,5.82,3
3,robin,2018-10-02 10:21:29,2018-10-02 10:33:20,2,sf,0,2.74,5
8,batman,2018-10-02 10:22:04,2018-10-02 10:50:30,4,sf,0,3.01,3
14,scarecrow,2018-10-02 10:23:41,2018-10-02 10:34:45,2,sf,0,3.47,5
2,venom,2018-10-02 10:24:25,2018-10-02 10:42:37,2,sf,0,2.12,3
8,superman,2018-10-02 10:26:34,2018-10-02 10:41:15,2,sf,0,3.11,5
9,venom,2018-10-02 10:26:35,2018-10-02 10:37:09,5,sf,0,3.27,2
10,spiderman,2018-10-02 10:29:04,2018-10-02 10:41:08,1,sf,0,5.15,3
17,robin,2018-10-02 10:30:06,2018-10-02 10:50:17,5,sf,0,2.17,2
11,hulk,2018-10-02 10:31:58,2018-10-02 10:41:18,3,sf,0,3.22,5
2,robin,2018-10-02 10:32:43,2018-10-02 10:47:12,4,sf,0,3.48,5
18,hulk,2018-10-02 10:33:04,2018-10-02 10:36:05,2,sf,0,3.3,5
6,joker,2018-10-02 10:34:02,2018-10-02 10:56:15,3,sf,0,2.67,3
20,hulk,2018-10-02 10:34:36,2018-10-02 10:47:19,5,sf,0,2.29,3
16,superman,2018-10-02 10:35:24,2018-10-02 10:35:49,3,sf,0,2.68,4
1,scarecrow,2018-10-02 10:38:13,2018-10-02 10:39:59,5,sf,0,2.98,5
7,scarecrow,2018-10-02 10:39:15,2018-10-02 10:44:26,5,sf,0,2.19,5
20,scarecrow,2018-10-02 10:43:53,2018-10-02 10:55:05,1,south sf,0,6.08,4
6,spiderman,2018-10-02 10:46:27,2018-10-02 10:57:05,3,sf,0,2.31,3
11,scarecrow,2018-10-02 10:46:51,2018-10-02 10:56:48,5,south sf,0,2.85,3
8,ironman,2018-10-02 10:46:54,2018-10-02 10:50:16,1,sf,0,6.48,4
18,robin,2018-10-02 10:47:05,2018-10-02 11:14:18,2,sf,0,2.08,3
7,robin,2018-10-02 10:50:11,2018-10-02 10:56:51,3,sf,0,3.26,3
4,batman,2018-10-02 10:51:13,2018-10-02 10:51:49,5,sf,0,3.07,3
11,hulk,2018-10-02 10:53:00,2018-10-02 11:20:34,1,sf,0,5.66,3
14,hulk,2018-10-02 10:53:13,2018-10-02 10:55:35,5,sf,0,3.21,5
5,ironman,2018-10-02 10:53:26,2018-10-02 11:18:35,3,sf,0,3.49,3
1,joker,2018-10-02 10:55:44,2018-10-02 10:58:48,5,sf,0,2.35,4
4,hulk,2018-10-02 11:00:13,2018-10-02 11:12:02,3,sf,0,3.48,5
5,hulk,2018-10-02 11:01:27,2018-10-02 11:01:28,1,sf,0,5.78,5
11,venom,2018-10-02 11:01:41,2018-10-02 11:06:21,1,sf,0,5.62,3
16,hulk,2018-10-02 11:04:25,2018-10-02 11:14:47,3,sf,0,3.35,3
6,venom,2018-10-02 11:04:37,2018-10-02 11:16:58,3,sf,0,3.03,5
10,hulk,2018-10-02 11:05:41,2018-10-02 11:14:02,1,sf,0,5.2,5
2,ironman,2018-10-02 11:07:08,2018-10-02 11:33:56,5,sf,0,2.83,2
2,robin,2018-10-02 11:09:43,2018-10-02 11:11:17,2,sf,0,2.25,3
2,venom,2018-10-02 11:11:25,2018-10-02 11:33:37,4,sf,0,3.19,3
6,scarecrow,2018-10-02 11:11:37,2018-10-02 11:32:24,5,sf,0,2.04,3
5,venom,2018-10-02 11:11:39,2018-10-02 11:24:21,3,sf,0,2.01,4
5,scarecrow,2018-10-02 11:12:48,2018-10-02 11:21:49,3,sf,0,2.27,5
17,ironman,2018-10-02 11:15:51,2018-10-02 12:18:41,5,sf,0,2.76,2
5,superman,2018-10-02 11:16:49,2018-10-02 12:22:09,5,sf,2,2.92,1
14,joker,2018-10-02 11:17:56,2018-10-02 11:30:55,1,sf,0,5.73,5
18,venom,2018-10-02 11:19:43,2018-10-02 11:25:53,3,sf,0,2.67,3
2,superman,2018-10-02 11:22:16,2018-10-02 11:34:03,4,sf,0,2.95,5
9,spiderman,2018-10-02 11:23:17,2018-10-02 11:43:19,5,sf,0,3.16,3
2,scarecrow,2018-10-02 11:29:47,2018-10-02 11:37:27,4,sf,0,3.37,5
12,hulk,2018-10-02 11:29:51,2018-10-02 11:54:36,3,sf,0,2.71,3
14,superman,2018-10-02 11:30:42,2018-10-02 11:40:37,1,sf,0,5.39,3
15,robin,2018-10-02 11:34:05,2018-10-02 11:46:59,5,sf,0,2.29,5
9,scarecrow,2018-10-02 11:35:04,2018-10-02 11:39:11,1,south sf,0,5.1,5
15,batman,2018-10-02 11:36:42,2018-10-02 11:48:19,3,sf,0,2.77,4
1,venom,2018-10-02 11:37:10,2018-10-02 11:44:33,2,sf,0,2.18,4
20,spiderman,2018-10-02 11:41:01,2018-10-02 11:54:40,5,sf,0,2.26,4
12,joker,2018-10-02 11:41:12,2018-10-02 11:47:45,4,sf,0,2.2,3
20,hulk,2018-10-02 11:42:01,2018-10-02 11:51:13,1,sf,0,5.03,4
6,batman,2018-10-02 11:42:52,2018-10-02 11:55:00,3,sf,0,2.38,4
19,spiderman,2018-10-02 11:42:53,2018-10-02 12:09:49,5,sf,0,3.45,3
5,ironman,2018-10-02 11:43:40,2018-10-02 12:02:31,5,sf,0,2.85,2
4,spiderman,2018-10-02 11:44:19,2018-10-02 12:44:45,2,sf,0,2.1,2
3,hulk,2018-10-02 11:46:31,2018-10-02 11:52:40,4,sf,0,2.72,4
18,joker,2018-10-02 11:48:17,2018-10-02 12:06:06,1,sf,0,5.39,3
13,ironman,2018-10-02 11:48:31,2018-10-02 12:07:20,1,sf,0,6.07,3
1,spiderman,2018-10-02 11:49:17,2018-10-02 12:01:35,1,sf,0,5.42,3
19,hulk,2018-10-02 11:50:09,2018-10-02 12:03:58,2,sf,0,2.62,5
11,robin,2018-10-02 11:50:14,2018-10-02 12:11:20,2,sf,0,2.57,3
11,superman,2018-10-02 11:52:27,2018-10-02 11:54:15,2,sf,0,3.18,4
15,robin,2018-10-02 11:54:46,2018-10-02 12:07:00,4,sf,0,2.78,4
3,hulk,2018-10-02 11:55:55,2018-10-02 12:15:30,1,sf,0,5.97,3
17,scarecrow,2018-10-02 11:57:23,2018-10-02 12:01:50,3,sf,0,3.34,3
12,batman,2018-10-02 11:58:30,2018-10-02 12:12:02,3,sf,0,3.33,5
10,robin,2018-10-02 12:00:25,2018-10-02 12:04:48,3,south sf,0,3.24,3
3,batman,2018-10-02 12:00:43,2018-10-02 12:15:43,1,sf,0,5.29,3
9,hulk,2018-10-02 12:01:11,2018-10-02 12:27:45,5,sf,0,3.16,2
1,spiderman,2018-10-02 12:02:11,2018-10-02 12:02:52,5,sf,0,2.99,3
11,joker,2018-10-02 12:02:47,2018-10-02 12:08:41,1,sf,0,5.89,5
19,batman,2018-10-02 12:03:37,2018-10-02 12:18:41,2,sf,0,2.82,3
2,hulk,2018-10-02 12:04:50,2018-10-02 12:33:09,5,sf,0,3.28,3
9,joker,2018-10-02 12:06:34,2018-10-02 12:18:52,1,sf,0,5.96,4
12,hulk,2018-10-02 12:07:09,2018-10-02 12:08:13,1,sf,0,5.34,5
4,superman,2018-10-02 12:08:22,2018-10-02 12:19:52,4,sf,0,2.94,4
6,scarecrow,2018-10-02 12:09:53,2018-10-02 12:25:08,5,sf,0,3.46,3
11,ironman,2018-10-02 12:10:26,2018-10-02 12:17:01,1,sf,0,5.06,5
14,batman,2018-10-02 12:14:06,2018-10-02 12:18:22,4,sf,0,2.71,3
15,spiderman,2018-10-02 12:14:25,2018-10-02 12:23:55,2,sf,0,2.64,5
15,spiderman,2018-10-02 12:15:04,2018-10-02 12:31:45,5,sf,0,2.79,2
11,ironman,2018-10-02 12:15:31,2018-10-02 12:27:30,2,sf,0,2.1,4
9,ironman,2018-10-02 12:17:41,2018-10-02 12:21:14,2,sf,0,2.18,4
14,scarecrow,2018-10-02 12:18:25,2018-10-02 12:33:23,5,south sf,0,2.02,4
8,scarecrow,2018-10-02 12:18:39,2018-10-02 12:29:43,5,sf,0,2.28,5
9,batman,2018-10-02 12:21:17,2018-10-02 12:42:31,5,sf,0,2.26,2
16,ironman,2018-10-02 12:22:24,2018-10-02 12:33:57,2,sf,0,3.06,4
19,ironman,2018-10-02 12:27:16,2018-10-02 12:34:15,1,sf,0,5.04,5
7,scarecrow,2018-10-02 12:27:35,2018-10-02 13:56:19,5,sf,0,3.18,2
7,robin,2018-10-02 12:29:39,2018-10-02 12:49:25,2,sf,0,2,3
4,joker,2018-10-02 12:31:48,2018-10-02 12:35:48,3,sf,0,2.58,5
10,batman,2018-10-02 12:32:33,2018-10-02 12:33:07,1,sf,0,5.81,3
6,batman,2018-10-02 12:34:31,2018-10-02 12:52:14,5,sf,0,2.46,3
10,hulk,2018-10-02 12:34:39,2018-10-02 12:38:39,4,sf,0,2.14,5
13,superman,2018-10-02 12:34:48,2018-10-02 12:50:13,2,sf,0,2.24,3
8,spiderman,2018-10-02 12:38:17,2018-10-02 12:55:14,5,sf,0,3.42,2
4,spiderman,2018-10-02 12:38:46,2018-10-02 12:50:15,5,south sf,0,2.36,3
6,ironman,2018-10-02 12:39:58,2018-10-02 12:44:09,1,sf,0,5.93,5
8,ironman,2018-10-02 12:41:11,2018-10-02 13:07:56,4,sf,0,2.94,3
1,robin,2018-10-02 12:41:29,2018-10-02 12:53:00,4,sf,0,2.87,3
12,hulk,2018-10-02 12:43:39,2018-10-02 12:57:05,3,sf,0,2.18,5
8,joker,2018-10-02 12:44:47,2018-10-02 12:53:34,3,sf,0,2.61,4
2,hulk,2018-10-02 12:46:10,2018-10-02 13:02:40,5,sf,0,2.86,2
5,superman,2018-10-02 12:47:45,2018-10-02 12:49:18,5,sf,0,2.51,5
11,venom,2018-10-02 12:48:38,2018-10-02 12:59:06,4,sf,0,3.07,3
7,batman,2018-10-02 12:49:43,2018-10-02 12:59:00,1,sf,0,6.23,5
16,ironman,2018-10-02 12:51:08,2018-10-02 12:51:29,2,sf,0,2.61,3
14,robin,2018-10-02 12:52:36,2018-10-02 14:17:01,5,sf,0,2.77,2
15,robin,2018-10-02 12:53:49,2018-10-02 13:06:07,2,sf,0,2.24,5
9,ironman,2018-10-02 12:54:02,2018-10-02 12:58:44,4,sf,0,2.84,5
18,batman,2018-10-02 12:56:03,2018-10-02 13:08:56,4,sf,0,3.45,3
14,robin,2018-10-02 12:56:28,2018-10-02 13:07:49,1,sf,0,5.15,4
14,joker,2018-10-02 12:56:50,2018-10-02 13:08:15,4,sf,0,2.56,3
4,venom,2018-10-02 12:57:14,2018-10-02 13:11:08,5,sf,0,3.33,2
1,hulk,2018-10-02 12:57:21,2018-10-02 13:07:42,5,sf,0,3.12,2
2,batman,2018-10-02 12:58:29,2018-10-02 13:26:19,5,sf,0,2.14,3
7,superman,2018-10-02 13:00:29,2018-10-02 13:01:57,2,sf,0,3.33,5
19,joker,2018-10-02 13:00:44,2018-10-02 13:12:03,3,sf,0,2.51,5
16,hulk,2018-10-02 13:00:50,2018-10-02 13:07:50,3,sf,0,3.39,5
7,batman,2018-10-02 13:01:43,2018-10-02 13:07:14,2,sf,0,2.85,3
1,superman,2018-10-02 13:02:51,2018-10-02 13:05:10,4,sf,0,3.32,5
10,hulk,2018-10-02 13:04:43,2018-10-02 13:08:51,4,sf,0,2.55,5
16,batman,2018-10-02 13:05:53,2018-10-02 13:11:48,4,sf,0,2.49,5
1,superman,2018-10-02 13:07:38,2018-10-02 13:33:42,5,sf,0,2.49,2
9,scarecrow,2018-10-02 13:09:31,2018-10-02 13:14:34,2,sf,0,3.29,5
8,hulk,2018-10-02 13:11:20,2018-10-02 13:19:30,2,sf,0,3.15,5
19,venom,2018-10-02 13:11:51,2018-10-02 13:14:19,2,sf,0,2.35,3
5,joker,2018-10-02 13:13:11,2018-10-02 13:27:27,3,sf,0,2.05,5
10,superman,2018-10-02 13:13:14,2018-10-02 13:19:41,2,sf,0,3.2,3
19,robin,2018-10-02 13:14:20,2018-10-02 14:39:03,5,sf,0,3.31,2
12,superman,2018-10-02 13:16:12,2018-10-02 13:36:42,3,south sf,0,2.46,3
12,hulk,2018-10-02 13:16:24,2018-10-02 13:26:27,4,sf,0,2.72,3
16,hulk,2018-10-02 13:17:53,2018-10-02 13:30:31,5,sf,0,3.45,3
17,joker,2018-10-02 13:20:04,2018-10-02 13:30:24,1,sf,0,6.16,5
6,venom,2018-10-02 13:21:41,2018-10-02 13:51:31,2,sf,0,3.2,3
16,spiderman,2018-10-02 13:22:30,2018-10-02 13:25:12,4,sf,0,2.82,3
14,superman,2018-10-02 13:23:00,2018-10-02 13:36:21,2,sf,0,3.45,4
2,venom,2018-10-02 13:25:12,2018-10-02 13:37:40,4,sf,0,2.63,3
19,venom,2018-10-02 13:25:17,2018-10-02 13:36:37,2,south sf,0,2.22,4
19,ironman,2018-10-02 13:25:48,2018-10-02 13:36:50,3,sf,0,2.68,5
10,batman,2018-10-02 13:29:57,2018-10-02 13:35:30,5,sf,0,2.2,2
18,batman,2018-10-02 13:31:42,2018-10-02 13:33:21,4,sf,0,3.05,5
9,batman,2018-10-02 13:32:09,2018-10-02 13:38:11,1,sf,0,6.17,5
3,ironman,2018-10-02 13:34:25,2018-10-02 13:56:33,3,sf,0,2.15,3
17,superman,2018-10-02 13:34:31,2018-10-02 14:35:04,1,sf,1,6.33,1
2,superman,2018-10-02 13:35:19,2018-10-02 13:42:41,2,south sf,0,3.18,3
8,superman,2018-10-02 13:35:34,2018-10-02 13:37:39,3,sf,0,2.54,3
17,venom,2018-10-02 13:36:10,2018-10-02 13:43:22,5,sf,0,2.9,5
19,robin,2018-10-02 13:37:05,2018-10-02 13:51:48,3,sf,0,2.71,3
6,ironman,2018-10-02 13:39:01,2018-10-02 13:41:43,5,sf,0,2.57,3
19,batman,2018-10-02 13:39:21,2018-10-02 13:58:33,5,sf,0,2.99,3
7,hulk,2018-10-02 13:40:13,2018-10-02 14:04:53,5,sf,0,2.1,3
3,superman,2018-10-02 13:40:43,2018-10-02 13:45:45,2,sf,0,3.01,5
7,ironman,2018-10-02 13:40:48,2018-10-02 13:55:28,2,sf,0,2.26,3
18,robin,2018-10-02 13:42:11,2018-10-02 13:52:50,3,sf,0,3.06,5
20,spiderman,2018-10-02 13:42:39,2018-10-02 13:52:27,2,sf,0,3.4,4
6,spiderman,2018-10-02 13:42:57,2018-10-02 14:05:03,5,sf,0,3.31,3
13,venom,2018-10-02 13:43:36,2018-10-02 13:44:15,1,sf,0,5.79,5
20,scarecrow,2018-10-02 13:47:38,2018-10-02 13:56:23,3,sf,0,3.41,4
7,venom,2018-10-02 13:47:54,2018-10-02 13:59:47,3,sf,0,3.23,5
10,robin,2018-10-02 13:49:44,2018-10-02 13:50:55,1,sf,0,5.46,5
18,venom,2018-10-02 13:50:08,2018-10-02 14:11:51,1,sf,0,5.93,3
12,superman,2018-10-02 13:50:27,2018-10-02 14:07:16,3,sf,0,2.65,3
20,ironman,2018-10-02 13:52:19,2018-10-02 15:17:54,5,sf,0,2.49,2
15,hulk,2018-10-02 13:53:08,2018-10-02 14:00:00,4,sf,0,3.05,5
10,superman,2018-10-02 13:57:06,2018-10-02 14:04:15,2,sf,0,2.17,4
18,ironman,2018-10-02 13:57:09,2018-10-02 13:58:26,1,sf,0,5.6,3
13,robin,2018-10-02 13:58:55,2018-10-02 14:05:15,2,sf,0,3.44,4
18,scarecrow,2018-10-02 14:01:07,2018-10-02 14:26:49,5,sf,0,3.42,3
20,venom,2018-10-02 14:01:43,2018-10-02 14:13:36,1,sf,0,5.19,5
15,superman,2018-10-02 14:02:13,2018-10-02 14:19:43,1,sf,0,6.35,3
15,robin,2018-10-02 14:04:12,2018-10-02 14:15:30,4,sf,0,2.98,5
20,robin,2018-10-02 14:04:17,2018-10-02 14:16:53,4,sf,0,2.58,4
8,hulk,2018-10-02 14:05:25,2018-10-02 14:29:46,4,sf,0,2.87,3
19,superman,2018-10-02 14:07:22,2018-10-02 14:18:16,5,sf,0,3.13,3
14,batman,2018-10-02 14:09:14,2018-10-02 14:17:14,1,sf,0,5.49,3
11,joker,2018-10-02 14:09:59,2018-10-02 14:22:04,5,sf,0,2.49,5
9,superman,2018-10-02 14:11:43,2018-10-02 15:12:20,5,sf,1,2.52,1
17,hulk,2018-10-02 14:13:21,2018-10-02 14:40:57,2,sf,0,2.84,3
4,ironman,2018-10-02 14:13:28,2018-10-02 14:19:26,1,sf,0,6.08,5
14,scarecrow,2018-10-02 14:13:37,2018-10-02 14:32:37,2,sf,0,2.43,3
19,hulk,2018-10-02 14:16:45,2018-10-02 14:31:28,4,sf,0,3.07,4
4,robin,2018-10-02 14:18:23,2018-10-02 14:33:19,2,sf,0,2.64,5
18,robin,2018-10-02 14:18:57,2018-10-02 14:20:26,5,sf,0,3.33,5
19,batman,2018-10-02 14:19:32,2018-10-02 14:30:12,2,south sf,0,2.31,4
5,batman,2018-10-02 14:23:11,2018-10-02 14:25:38,1,sf,0,5.63,3
9,scarecrow,2018-10-02 14:24:03,2018-10-02 14:37:51,4,sf,0,2.73,3
9,scarecrow,2018-10-02 14:24:24,2018-10-02 14:39:51,5,sf,0,2.74,3
2,batman,2018-10-02 14:24:38,2018-10-02 14:34:56,1,sf,0,6.17,5
9,batman,2018-10-02 14:25:35,2018-10-02 14:37:20,2,south sf,0,3.3,5
13,scarecrow,2018-10-02 14:29:57,2018-10-02 14:37:33,1,sf,0,5.65,4
18,ironman,2018-10-02 14:31:49,2018-10-02 14:54:25,2,sf,0,3.13,3
15,venom,2018-10-02 14:32:20,2018-10-02 14:41:42,2,sf,0,2.29,5
8,scarecrow,2018-10-02 14:33:48,2018-10-02 14:41:56,3,sf,0,3.33,5
12,spiderman,2018-10-02 14:33:55,2018-10-02 14:40:16,5,sf,0,2.57,2
1,superman,2018-10-02 14:35:32,2018-10-02 14:49:06,4,sf,0,2.47,5
16,venom,2018-10-02 14:36:52,2018-10-02 15:01:44,5,south sf,0,2.9,3
11,superman,2018-10-02 14:37:01,2018-10-02 14:38:36,2,sf,0,3.4,4
20,spiderman,2018-10-02 14:38:23,2018-10-02 14:52:08,3,sf,0,2.51,4
5,venom,2018-10-02 14:39:21,2018-10-02 14:53:10,1,sf,0,6.2,3
3,venom,2018-10-02 14:40:47,2018-10-02 15:02:51,4,sf,0,2.47,3
12,batman,2018-10-02 14:40:59,2018-10-02 14:48:25,5,sf,0,3.35,5
14,scarecrow,2018-10-02 14:41:01,2018-10-02 14:52:38,1,sf,0,6.47,4
20,scarecrow,2018-10-02 14:42:36,2018-10-02 14:46:05,3,sf,0,2.83,3
8,venom,2018-10-02 14:43:56,2018-10-02 16:09:25,2,sf,0,2.81,2
10,superman,2018-10-02 14:45:32,2018-10-02 14:54:01,4,sf,0,3.42,5
11,hulk,2018-10-02 14:46:41,2018-10-02 14:59:18,2,sf,0,3.2,5
4,joker,2018-10-02 14:49:46,2018-10-02 14:50:44,4,sf,0,2.04,3
8,hulk,2018-10-02 14:50:56,2018-10-02 14:59:11,3,sf,0,3.34,5
7,spiderman,2018-10-02 14:51:52,2018-10-02 15:13:36,2,sf,0,3.29,3
10,scarecrow,2018-10-02 14:52:23,2018-10-02 15:03:45,1,sf,0,5.02,5
17,batman,2018-10-02 14:54:12,2018-10-02 16:05:29,5,sf,0,2.59,2
3,scarecrow,2018-10-02 14:57:23,2018-10-02 15:01:51,1,sf,0,5.65,5
18,batman,2018-10-02 14:58:04,2018-10-02 15:17:24,4,sf,0,2.77,3
18,ironman,2018-10-02 14:58:11,2018-10-02 15:03:50,5,sf,0,2.12,5
7,joker,2018-10-02 14:58:19,2018-10-02 15:02:52,1,sf,0,5.46,5
15,ironman,2018-10-02 14:58:29,2018-10-02 15:05:19,5,sf,0,3.1,2
19,hulk,2018-10-02 15:00:24,2018-10-02 15:19:22,3,sf,0,2.63,3
7,scarecrow,2018-10-02 15:02:43,2018-10-02 15:08:24,5,sf,0,3.08,5
18,batman,2018-10-02 15:03:02,2018-10-02 15:05:52,5,sf,0,3.36,3
8,hulk,2018-10-02 15:03:33,2018-10-02 15:06:47,4,sf,0,2.68,3
9,venom,2018-10-02 15:04:26,2018-10-02 15:05:12,3,sf,0,3.2,4
19,spiderman,2018-10-02 15:08:55,2018-10-02 15:09:03,5,sf,0,2.05,4
12,scarecrow,2018-10-02 15:10:10,2018-10-02 15:10:33,4,sf,0,3.5,3
20,ironman,2018-10-02 15:12:45,2018-10-02 15:42:11,2,sf,0,2.17,3
3,robin,2018-10-02 15:12:53,2018-10-02 15:36:42,4,sf,0,2.3,3
9,venom,2018-10-02 15:14:04,2018-10-02 16:38:23,5,sf,0,3.3,2
18,venom,2018-10-02 15:14:44,2018-10-02 15:24:19,5,sf,0,3.47,3
2,venom,2018-10-02 15:15:44,2018-10-02 15:34:39,5,sf,0,2.98,3
14,robin,2018-10-02 15:17:53,2018-10-02 15:21:28,5,sf,0,2.89,3
3,venom,2018-10-02 15:23:27,2018-10-02 15:30:20,1,sf,0,5.4,5
1,batman,2018-10-02 15:27:00,2018-10-02 15:40:20,1,sf,0,5.04,3
10,robin,2018-10-02 15:27:02,2018-10-02 15:56:48,4,sf,0,3.37,3
7,ironman,2018-10-02 15:30:51,2018-10-02 15:33:59,2,south sf,0,2.89,4
19,joker,2018-10-02 15:31:53,2018-10-02 16:59:27,5,sf,0,3.3,2
13,spiderman,2018-10-02 15:34:32,2018-10-02 15:40:16,1,sf,0,5.95,3
11,hulk,2018-10-02 15:34:46,2018-10-02 16:00:15,3,sf,0,3.39,3
6,robin,2018-10-02 15:36:32,2018-10-02 15:37:48,3,sf,0,2.86,3
20,joker,2018-10-02 15:39:21,2018-10-02 15:49:47,5,sf,0,2.34,2
3,spiderman,2018-10-02 15:41:42,2018-10-02 16:01:43,3,sf,0,3.44,3
8,spiderman,2018-10-02 15:41:55,2018-10-02 15:58:37,5,sf,0,3.04,3
10,venom,2018-10-02 15:42:35,2018-10-02 16:01:20,1,sf,0,5.25,3
1,batman,2018-10-02 15:44:20,2018-10-02 16:03:22,1,sf,0,6.36,3
3,scarecrow,2018-10-02 15:46:29,2018-10-02 16:11:16,5,sf,0,2.28,3
1,scarecrow,2018-10-02 15:46:45,2018-10-02 15:47:02,5,sf,0,2.69,5
20,superman,2018-10-02 15:47:25,2018-10-02 16:16:41,5,sf,0,3.29,2
11,venom,2018-10-02 15:48:52,2018-10-02 15:52:41,5,sf,0,3.25,5
2,batman,2018-10-02 15:50:37,2018-10-02 15:51:11,2,sf,0,2.27,5
3,spiderman,2018-10-02 15:51:44,2018-10-02 15:55:47,1,sf,0,6.25,3
5,superman,2018-10-02 15:54:36,2018-10-02 17:12:41,3,sf,1,2.11,1
9,joker,2018-10-02 15:55:08,2018-10-02 16:03:33,3,sf,0,2.78,3
16,hulk,2018-10-02 16:00:33,2018-10-02 16:04:55,2,sf,0,2.33,5
2,hulk,2018-10-02 16:01:54,2018-10-02 16:07:50,5,sf,0,3.4,3
3,joker,2018-10-02 16:02:37,2018-10-02 16:28:11,3,sf,0,2.21,3
14,scarecrow,2018-10-02 16:04:20,2018-10-02 17:22:46,5,sf,0,2.27,2
5,joker,2018-10-02 16:04:49,2018-10-02 16:27:47,3,sf,0,3.08,3
11,spiderman,2018-10-02 16:05:42,2018-10-02 16:33:29,1,sf,0,5.16,3
8,venom,2018-10-02 16:07:50,2018-10-02 16:13:04,2,sf,0,2.27,5
6,batman,2018-10-02 16:08:54,2018-10-02 17:18:36,5,sf,0,3.15,2
2,ironman,2018-10-02 16:10:37,2018-10-02 16:18:04,1,sf,0,5.09,3
12,venom,2018-10-02 16:10:40,2018-10-02 16:35:53,1,sf,0,5.1,3
1,spiderman,2018-10-02 16:12:56,2018-10-02 16:34:30,2,sf,0,2.29,3
19,robin,2018-10-02 16:13:14,2018-10-02 16:41:10,4,sf,0,2.16,3
14,robin,2018-10-02 16:14:48,2018-10-02 16:21:36,3,sf,0,2.8,5
3,hulk,2018-10-02 16:15:30,2018-10-02 16:30:26,5,sf,0,2.16,3
13,superman,2018-10-02 16:15:35,2018-10-02 16:26:10,5,sf,0,2.82,5
7,robin,2018-10-02 16:16:48,2018-10-02 16:18:42,3,south sf,0,2.52,4
11,spiderman,2018-10-02 16:21:35,2018-10-02 16:26:08,5,sf,0,3.17,3
1,ironman,2018-10-02 16:22:35,2018-10-02 16:41:51,1,sf,0,5.03,3
12,batman,2018-10-02 16:22:46,2018-10-02 16:22:55,1,sf,0,6.21,4
5,superman,2018-10-02 16:23:00,2018-10-02 16:30:19,2,sf,0,3.32,5
7,superman,2018-10-02 16:25:54,2018-10-02 16:52:37,3,sf,0,2.73,3
18,scarecrow,2018-10-02 16:31:48,2018-10-02 16:46:07,5,sf,0,2.67,3
10,robin,2018-10-02 16:32:05,2018-10-02 17:45:32,5,sf,0,3.33,2
9,hulk,2018-10-02 16:33:19,2018-10-02 16:37:02,3,sf,0,3.2,5
12,batman,2018-10-02 16:34:03,2018-10-02 16:40:26,3,sf,0,3.07,3
18,superman,2018-10-02 16:34:18,2018-10-02 16:37:47,3,sf,0,2.07,3
4,venom,2018-10-02 16:36:19,2018-10-02 16:49:12,1,sf,0,5.32,5
8,batman,2018-10-02 16:36:42,2018-10-02 16:51:51,5,sf,0,2.08,3
10,venom,2018-10-02 16:37:46,2018-10-02 17:00:18,1,sf,0,5.08,3
14,scarecrow,2018-10-02 16:37:56,2018-10-02 16:47:02,2,sf,0,2.66,5
7,robin,2018-10-02 16:38:04,2018-10-02 17:06:40,1,sf,0,5.81,3
6,batman,2018-10-02 16:38:24,2018-10-02 16:48:58,2,sf,0,2.28,3
7,venom,2018-10-02 16:38:41,2018-10-02 16:45:07,5,sf,0,2.35,3
20,ironman,2018-10-02 16:39:46,2018-10-02 16:57:05,1,sf,0,5.54,3
1,batman,2018-10-02 16:40:24,2018-10-02 16:43:15,3,sf,0,2.13,4
5,joker,2018-10-02 16:41:00,2018-10-02 16:50:14,5,south sf,0,2.78,4
15,spiderman,2018-10-02 16:42:41,2018-10-02 16:45:54,2,sf,0,2.05,4
15,hulk,2018-10-02 16:43:56,2018-10-02 16:48:15,3,sf,0,2.9,4
5,superman,2018-10-02 16:47:06,2018-10-02 17:11:34,2,sf,0,2.18,3
4,scarecrow,2018-10-02 16:54:25,2018-10-02 17:14:34,1,sf,0,6.06,3
3,scarecrow,2018-10-02 16:55:42,2018-10-02 17:07:56,3,sf,0,3.14,5
7,joker,2018-10-02 16:55:53,2018-10-02 17:09:11,4,sf,0,2.05,3
1,joker,2018-10-02 16:56:10,2018-10-02 17:06:36,1,sf,0,5.47,5
10,joker,2018-10-02 16:56:29,2018-10-02 17:01:19,4,sf,0,3.31,5
20,ironman,2018-10-02 16:57:03,2018-10-02 17:08:28,5,sf,0,2.72,5
17,scarecrow,2018-10-02 16:59:21,2018-10-02 17:12:04,4,sf,0,2.81,5
17,spiderman,2018-10-02 17:01:38,2018-10-02 17:08:29,2,sf,0,3.41,3
6,spiderman,2018-10-02 17:01:55,2018-10-02 17:03:03,2,sf,0,3.17,3
12,hulk,2018-10-02 17:02:38,2018-10-02 17:05:46,5,sf,0,2.14,4
15,superman,2018-10-02 17:03:13,2018-10-02 17:07:12,2,sf,0,3.3,5
3,ironman,2018-10-02 17:03:36,2018-10-02 17:10:30,1,sf,0,5.52,5
12,joker,2018-10-02 17:04:38,2018-10-02 17:18:46,2,sf,0,2.34,5
11,venom,2018-10-02 17:06:19,2018-10-02 17:06:44,1,sf,0,6.31,4
2,batman,2018-10-02 17:08:22,2018-10-02 17:37:19,3,sf,0,2.1,3
17,robin,2018-10-02 17:09:40,2018-10-02 17:11:22,1,sf,0,5.48,5
4,scarecrow,2018-10-02 17:11:10,2018-10-02 17:32:07,3,sf,0,2.49,3
12,batman,2018-10-02 17:11:30,2018-10-02 17:29:31,3,sf,0,3.49,3
15,hulk,2018-10-02 17:12:10,2018-10-02 17:22:49,5,sf,0,2.97,5
2,scarecrow,2018-10-02 17:13:45,2018-10-02 17:21:30,5,sf,0,2.98,5
16,scarecrow,2018-10-02 17:15:34,2018-10-02 17:18:36,2,sf,0,2.12,4
16,batman,2018-10-02 17:16:36,2018-10-02 17:34:36,1,sf,0,5.37,3
3,scarecrow,2018-10-02 17:17:11,2018-10-02 17:21:13,3,sf,0,3.16,5
10,robin,2018-10-02 17:17:50,2018-10-02 17:31:38,4,sf,0,3,5
19,hulk,2018-10-02 17:19:01,2018-10-02 17:26:30,3,sf,0,3.46,5
3,hulk,2018-10-02 17:19:10,2018-10-02 18:32:50,5,sf,0,2.83,2
6,superman,2018-10-02 17:20:06,2018-10-02 17:24:10,4,sf,0,2.99,3
18,joker,2018-10-02 17:20:11,2018-10-02 17:22:19,4,sf,0,3.31,5
10,hulk,2018-10-02 17:20:55,2018-10-02 17:21:51,3,south sf,0,2.61,3
20,venom,2018-10-02 17:21:38,2018-10-02 17:24:04,2,sf,0,2.32,3
13,superman,2018-10-02 17:21:39,2018-10-02 17:26:38,2,sf,0,2.21,4
15,joker,2018-10-02 17:23:14,2018-10-02 17:25:34,5,sf,0,2.51,5
20,joker,2018-10-02 17:24:21,2018-10-02 17:29:26,1,sf,0,6.32,5
2,joker,2018-10-02 17:25:01,2018-10-02 17:25:19,4,sf,0,3.08,3
6,joker,2018-10-02 17:25:49,2018-10-02 17:34:05,1,sf,0,6.5,5
12,scarecrow,2018-10-02 17:27:08,2018-10-02 17:50:00,2,sf,0,2.52,3
13,robin,2018-10-02 17:27:09,2018-10-02 17:33:40,4,south sf,0,3.38,5
1,hulk,2018-10-02 17:28:32,2018-10-02 17:28:43,5,sf,0,3.07,3
11,batman,2018-10-02 17:30:13,2018-10-02 17:46:36,5,sf,0,3.32,3
7,spiderman,2018-10-02 17:31:00,2018-10-02 17:42:42,5,sf,0,2.6,3
18,scarecrow,2018-10-02 17:32:56,2018-10-02 17:43:31,4,sf,0,3.2,3
10,hulk,2018-10-02 17:33:14,2018-10-02 17:37:32,3,sf,0,3.49,5
20,ironman,2018-10-02 17:33:36,2018-10-02 17:45:08,4,south sf,0,2.26,3
2,joker,2018-10-02 17:35:25,2018-10-02 18:01:55,2,sf,0,2.22,3
4,superman,2018-10-02 17:36:32,2018-10-02 18:59:34,2,sf,2,3.06,1
6,scarecrow,2018-10-02 17:37:50,2018-10-02 17:45:29,3,sf,0,2.19,5
8,hulk,2018-10-02 17:38:02,2018-10-02 17:50:46,4,south sf,0,3.29,5
17,spiderman,2018-10-02 17:43:02,2018-10-02 17:51:32,3,sf,0,2.3,5
8,spiderman,2018-10-02 17:43:34,2018-10-02 17:46:37,2,sf,0,2.72,5
7,spiderman,2018-10-02 17:45:38,2018-10-02 18:00:55,4,sf,0,2.6,3
16,venom,2018-10-02 17:46:06,2018-10-02 17:54:31,4,south sf,0,2.75,5
8,robin,2018-10-02 17:47:18,2018-10-02 17:59:27,1,sf,0,6.24,3
1,venom,2018-10-02 17:48:22,2018-10-02 17:56:16,5,sf,0,2.52,4
15,hulk,2018-10-02 17:50:25,2018-10-02 18:04:34,1,sf,0,5.17,5
16,hulk,2018-10-02 17:50:47,2018-10-02 17:53:30,5,sf,0,2.17,5
16,superman,2018-10-02 17:50:49,2018-10-02 18:02:21,3,sf,0,2.63,5
1,joker,2018-10-02 17:51:06,2018-10-02 18:08:38,2,south sf,0,3.14,3
1,robin,2018-10-02 17:51:35,2018-10-02 17:58:19,1,sf,0,6.32,3
13,scarecrow,2018-10-02 17:54:42,2018-10-02 18:09:02,1,sf,0,5.28,3
17,venom,2018-10-02 17:57:07,2018-10-02 18:08:24,2,sf,0,2.21,5
6,venom,2018-10-02 17:58:05,2018-10-02 17:58:05,4,sf,0,2.64,5
15,hulk,2018-10-02 17:59:00,2018-10-02 18:07:08,2,sf,0,2.51,3
15,spiderman,2018-10-02 18:02:31,2018-10-02 18:30:01,1,sf,0,5.67,3
14,spiderman,2018-10-02 18:03:27,2018-10-02 18:09:51,3,sf,0,2.78,5
16,venom,2018-10-02 18:03:53,2018-10-02 18:16:09,5,sf,0,2.65,5
3,joker,2018-10-02 18:06:15,2018-10-02 18:14:37,3,sf,0,3.39,5
20,ironman,2018-10-02 18:06:43,2018-10-02 18:16:33,5,sf,0,3.29,5
6,superman,2018-10-02 18:06:59,2018-10-02 18:18:51,3,sf,0,2.49,4
4,ironman,2018-10-02 18:07:53,2018-10-02 18:34:33,2,sf,0,2.12,3
12,venom,2018-10-02 18:08:34,2018-10-02 18:13:15,3,sf,0,3.13,4
3,venom,2018-10-02 18:09:08,2018-10-02 18:17:09,3,sf,0,3.2,4
2,ironman,2018-10-02 18:10:18,2018-10-02 18:16:32,4,sf,0,2.22,3
12,robin,2018-10-02 18:14:51,2018-10-02 18:21:42,4,sf,0,2.11,4
13,batman,2018-10-02 18:15:17,2018-10-02 19:24:00,5,sf,0,3.03,2
11,scarecrow,2018-10-02 18:17:19,2018-10-02 18:24:13,4,sf,0,2.62,4
13,joker,2018-10-02 18:17:48,2018-10-02 18:31:42,1,sf,0,5.4,5
7,spiderman,2018-10-02 18:18:02,2018-10-02 18:31:05,4,sf,0,2.39,5
14,superman,2018-10-02 18:18:57,2018-10-02 18:34:09,3,sf,0,3.5,3
10,scarecrow,2018-10-02 18:20:07,2018-10-02 18:34:02,2,sf,0,2.35,3
13,scarecrow,2018-10-02 18:21:10,2018-10-02 18:21:40,3,sf,0,2.26,3
10,hulk,2018-10-02 18:21:33,2018-10-02 18:46:33,3,sf,0,2.85,3
11,superman,2018-10-02 18:21:36,2018-10-02 18:34:30,1,sf,0,5.5,4
17,scarecrow,2018-10-02 18:21:45,2018-10-02 18:35:17,4,sf,0,2.05,5
4,scarecrow,2018-10-02 18:22:28,2018-10-02 18:35:39,4,sf,0,2.74,5
14,venom,2018-10-02 18:25:53,2018-10-02 18:52:05,1,sf,0,5.34,3
16,robin,2018-10-02 18:26:17,2018-10-02 18:32:55,4,sf,0,2.09,5
4,spiderman,2018-10-02 18:27:31,2018-10-02 18:56:53,2,sf,0,2.85,3
18,ironman,2018-10-02 18:28:13,2018-10-02 18:36:45,2,sf,0,2.3,5
6,superman,2018-10-02 18:28:38,2018-10-02 18:51:53,2,sf,0,2.69,3
9,spiderman,2018-10-02 18:29:29,2018-10-02 18:41:12,1,sf,0,5.8,3
8,superman,2018-10-02 18:29:44,2018-10-02 18:57:02,3,sf,0,3.3,3
10,scarecrow,2018-10-02 18:30:24,2018-10-02 18:38:01,3,sf,0,2.73,3
8,batman,2018-10-02 18:31:35,2018-10-02 18:42:36,3,sf,0,2.99,5
15,venom,2018-10-02 18:31:37,2018-10-02 18:54:42,4,sf,0,2.62,3
15,ironman,2018-10-02 18:40:07,2018-10-02 18:40:51,1,sf,0,6.43,5
8,ironman,2018-10-02 18:40:58,2018-10-02 19:00:58,4,sf,0,2.9,3
16,ironman,2018-10-02 18:41:02,2018-10-02 18:41:22,3,sf,0,3.36,5
16,ironman,2018-10-02 18:43:22,2018-10-02 18:53:10,3,sf,0,2.09,4
8,hulk,2018-10-02 18:44:08,2018-10-02 18:51:33,1,sf,0,5.12,4
19,superman,2018-10-02 18:44:45,2018-10-02 18:47:31,1,sf,0,5.19,4
1,superman,2018-10-02 18:44:57,2018-10-02 19:01:08,5,sf,0,2.04,3
5,venom,2018-10-02 18:46:04,2018-10-02 18:49:55,1,sf,0,5.29,3
19,superman,2018-10-02 18:46:27,2018-10-02 20:04:12,3,sf,2,2.9,1
16,ironman,2018-10-02 18:47:40,2018-10-02 18:58:33,4,sf,0,2.73,3
4,spiderman,2018-10-02 18:47:55,2018-10-02 18:51:58,1,sf,0,6.04,4
14,spiderman,2018-10-02 18:50:43,2018-10-02 18:52:18,5,sf,0,2.64,5
8,superman,2018-10-02 18:52:01,2018-10-02 19:02:56,5,sf,0,2.27,5
2,spiderman,2018-10-02 18:53:47,2018-10-02 19:07:08,4,sf,0,3.38,5
3,hulk,2018-10-02 18:55:14,2018-10-02 20:23:58,5,sf,0,2.94,2
15,ironman,2018-10-02 18:56:56,2018-10-02 19:02:52,4,sf,0,2.3,5
10,spiderman,2018-10-02 18:57:39,2018-10-02 19:10:39,3,south sf,0,2.56,4
1,ironman,2018-10-02 19:00:26,2018-10-02 19:05:24,2,sf,0,2.58,5
5,robin,2018-10-02 19:01:26,2018-10-02 19:06:18,5,sf,0,3.35,5
9,scarecrow,2018-10-02 19:02:13,2018-10-02 19:08:04,4,sf,0,2.4,3
17,joker,2018-10-02 19:02:27,2018-10-02 19:11:18,5,sf,0,2.67,3
6,robin,2018-10-02 19:02:43,2018-10-02 19:25:30,1,sf,0,6.01,3
16,superman,2018-10-02 19:02:45,2018-10-02 19:24:12,5,south sf,0,3.14,3
8,venom,2018-10-02 19:07:28,2018-10-02 19:26:50,4,sf,0,3.08,3
2,robin,2018-10-02 19:07:43,2018-10-02 19:21:24,5,sf,0,2.2,4
14,robin,2018-10-02 19:07:47,2018-10-02 19:18:21,2,sf,0,3.3,4
8,scarecrow,2018-10-02 19:08:29,2018-10-02 19:25:31,5,sf,0,2.49,2
20,spiderman,2018-10-02 19:10:03,2018-10-02 19:24:26,1,sf,0,6.38,3
18,spiderman,2018-10-02 19:11:53,2018-10-02 19:20:22,3,sf,0,3.31,3
19,spiderman,2018-10-02 19:12:05,2018-10-02 19:38:33,2,sf,0,3.12,3
13,ironman,2018-10-02 19:12:49,2018-10-02 19:14:39,4,sf,0,2.26,5
1,scarecrow,2018-10-02 19:14:05,2018-10-02 19:38:56,4,sf,0,2.56,3
16,batman,2018-10-02 19:16:32,2018-10-02 20:30:36,5,sf,0,2.92,2
5,joker,2018-10-02 19:16:37,2018-10-02 19:20:43,2,sf,0,2.69,4
11,ironman,2018-10-02 19:17:49,2018-10-02 19:29:05,5,sf,0,2.24,3
6,robin,2018-10-02 19:21:38,2018-10-02 19:40:42,5,sf,0,3.4,3
19,venom,2018-10-02 19:23:23,2018-10-02 19:24:00,4,sf,0,2.62,5
5,hulk,2018-10-02 19:26:05,2018-10-02 19:38:41,2,sf,0,2.15,3
15,ironman,2018-10-02 19:26:11,2018-10-02 19:52:02,5,sf,0,3.41,3
18,robin,2018-10-02 19:26:28,2018-10-02 19:30:04,1,sf,0,5.86,3
4,joker,2018-10-02 19:30:19,2018-10-02 19:31:32,1,sf,0,5.07,4
12,spiderman,2018-10-02 19:32:38,2018-10-02 19:44:49,2,sf,0,2.85,3
16,spiderman,2018-10-02 19:33:21,2018-10-02 19:35:23,5,sf,0,2.74,3
20,spiderman,2018-10-02 19:33:59,2018-10-02 19:57:54,2,sf,0,3.26,3
8,ironman,2018-10-02 19:34:46,2018-10-02 19:48:38,1,sf,0,6.46,4
14,ironman,2018-10-02 19:35:51,2018-10-02 19:57:55,2,sf,0,2.08,3
17,scarecrow,2018-10-02 19:38:20,2018-10-02 19:45:06,2,sf,0,2.99,4
12,hulk,2018-10-02 19:40:59,2018-10-02 19:51:59,5,sf,0,2.47,4
20,scarecrow,2018-10-02 19:42:18,2018-10-02 19:49:33,3,sf,0,2.19,3
11,batman,2018-10-02 19:42:49,2018-10-02 19:44:33,5,sf,0,2.5,5
20,venom,2018-10-02 19:43:06,2018-10-02 19:50:23,5,sf,0,2.8,3
20,joker,2018-10-02 19:44:13,2018-10-02 19:48:02,5,sf,0,3.08,5
7,spiderman,2018-10-02 19:45:30,2018-10-02 19:48:30,1,sf,0,5.86,5
13,joker,2018-10-02 19:45:50,2018-10-02 19:57:22,1,sf,0,6.12,5
18,ironman,2018-10-02 19:48:09,2018-10-02 19:55:00,5,sf,0,3.2,4
12,hulk,2018-10-02 19:48:15,2018-10-02 20:04:37,2,sf,0,2.48,3
9,robin,2018-10-02 19:51:04,2018-10-02 19:51:13,1,sf,0,6.38,5
14,ironman,2018-10-02 19:54:35,2018-10-02 19:56:32,1,sf,0,6.02,4
18,venom,2018-10-02 19:54:50,2018-10-02 20:22:11,5,sf,0,3.44,3
20,ironman,2018-10-02 19:55:39,2018-10-02 19:57:40,3,sf,0,3.43,5
20,superman,2018-10-02 19:57:02,2018-10-02 21:10:20,3,sf,2,2.55,1
5,venom,2018-10-02 19:58:55,2018-10-02 20:11:30,3,sf,0,2.33,3
9,hulk,2018-10-02 19:59:20,2018-10-02 20:00:53,3,sf,0,2.37,5
19,hulk,2018-10-02 20:01:28,2018-10-02 20:10:05,4,sf,0,2.06,5
16,robin,2018-10-02 20:02:27,2018-10-02 20:04:00,3,sf,0,2.19,5
9,robin,2018-10-02 20:02:31,2018-10-02 20:09:32,2,sf,0,2.17,3
20,hulk,2018-10-02 20:03:28,2018-10-02 20:21:24,3,sf,0,2.19,3
4,scarecrow,2018-10-02 20:03:49,2018-10-02 20:17:23,1,sf,0,5.42,5
3,scarecrow,2018-10-02 20:04:02,2018-10-02 20:33:37,4,sf,0,2.45,3
2,superman,2018-10-02 20:04:02,2018-10-02 20:17:39,3,sf,0,2.99,4
6,joker,2018-10-02 20:04:46,2018-10-02 20:11:11,3,sf,0,2.03,3
16,superman,2018-10-02 20:05:32,2018-10-02 20:15:05,5,sf,0,3.38,3
7,spiderman,2018-10-02 20:09:35,2018-10-02 20:24:24,4,south sf,0,3.14,5
3,spiderman,2018-10-02 20:10:37,2018-10-02 20:30:51,5,sf,0,2.38,3
14,ironman,2018-10-02 20:12:06,2018-10-02 20:14:04,3,sf,0,2.63,5
1,ironman,2018-10-02 20:12:34,2018-10-02 20:16:34,1,sf,0,5.88,3
18,batman,2018-10-02 20:12:42,2018-10-02 20:25:20,1,sf,0,5.04,5
6,spiderman,2018-10-02 20:14:04,2018-10-02 20:20:54,2,sf,0,2.6,5
18,venom,2018-10-02 20:15:20,2018-10-02 20:20:08,5,sf,0,2.98,5
18,ironman,2018-10-02 20:20:42,2018-10-02 20:22:32,4,south sf,0,2.82,5
4,joker,2018-10-02 20:20:53,2018-10-02 20:27:21,3,sf,0,3.41,5
6,batman,2018-10-02 20:21:04,2018-10-02 20:35:24,5,sf,0,3.18,3
19,scarecrow,2018-10-02 20:21:15,2018-10-02 21:21:17,5,sf,0,3.45,2
3,robin,2018-10-02 20:23:09,2018-10-02 20:34:16,3,south sf,0,2.09,4
6,ironman,2018-10-02 20:23:27,2018-10-02 20:30:08,4,sf,0,2.63,5
16,scarecrow,2018-10-02 20:24:14,2018-10-02 20:37:39,2,sf,0,2.61,5
20,batman,2018-10-02 20:24:47,2018-10-02 20:30:50,4,sf,0,2.99,5
20,ironman,2018-10-02 20:27:17,2018-10-02 20:41:25,1,sf,0,5.29,3
1,venom,2018-10-02 20:30:42,2018-10-02 20:41:46,4,sf,0,3.14,5
14,spiderman,2018-10-02 20:31:06,2018-10-02 20:34:16,1,sf,0,6.39,5
6,hulk,2018-10-02 20:31:38,2018-10-02 20:31:45,2,sf,0,3.43,5
8,batman,2018-10-02 20:33:51,2018-10-02 21:01:34,1,sf,0,5.83,3
2,robin,2018-10-02 20:34:18,2018-10-02 21:02:50,4,sf,0,2.43,3
19,scarecrow,2018-10-02 20:35:50,2018-10-02 20:45:52,2,sf,0,2.76,4
6,venom,2018-10-02 20:40:28,2018-10-02 20:49:39,4,sf,0,2.58,5
3,joker,2018-10-02 20:41:03,2018-10-02 20:51:42,1,sf,0,5.77,5
2,hulk,2018-10-02 20:43:15,2018-10-02 20:55:24,4,sf,0,2.41,3
17,superman,2018-10-02 20:45:34,2018-10-02 20:54:08,2,south sf,0,3.29,5
20,hulk,2018-10-02 20:46:34,2018-10-02 21:09:22,5,sf,0,3.33,3
15,scarecrow,2018-10-02 20:49:22,2018-10-02 20:53:38,1,sf,0,5.13,4
5,batman,2018-10-02 20:51:38,2018-10-02 20:54:43,4,sf,0,2.54,5
4,hulk,2018-10-02 20:52:40,2018-10-02 21:01:39,2,sf,0,2.46,4
2,scarecrow,2018-10-02 20:53:13,2018-10-02 21:01:10,5,sf,0,3.17,3
9,scarecrow,2018-10-02 20:54:27,2018-10-02 21:04:46,2,sf,0,2.42,4
8,superman,2018-10-02 20:57:49,2018-10-02 21:04:14,4,sf,0,3.33,3
8,hulk,2018-10-02 20:58:30,2018-10-02 21:19:47,3,sf,0,3.38,3
20,scarecrow,2018-10-02 21:00:25,2018-10-02 21:03:31,1,sf,0,6.37,3
20,joker,2018-10-02 21:03:48,2018-10-02 21:28:16,2,sf,0,3.46,3
16,scarecrow,2018-10-02 21:04:18,2018-10-02 21:23:52,2,sf,0,2.52,3
1,hulk,2018-10-02 21:06:40,2018-10-02 21:20:44,4,sf,0,2.49,5
12,batman,2018-10-02 21:06:58,2018-10-02 21:19:51,3,sf,0,2.14,4
3,superman,2018-10-02 21:06:59,2018-10-02 21:08:11,4,sf,0,2.64,5
7,scarecrow,2018-10-02 21:09:01,2018-10-02 21:31:13,5,sf,0,3.29,2
12,superman,2018-10-02 21:09:43,2018-10-02 21:12:18,1,sf,0,5.84,3
9,spiderman,2018-10-02 21:10:49,2018-10-02 21:11:54,3,south sf,0,2.56,4
11,scarecrow,2018-10-02 21:14:33,2018-10-02 21:17:51,2,sf,0,2.3,5
16,spiderman,2018-10-02 21:15:15,2018-10-02 21:37:58,5,sf,0,2.02,3
4,spiderman,2018-10-02 21:15:19,2018-10-02 21:22:01,4,sf,0,3.46,5
17,joker,2018-10-02 21:17:28,2018-10-02 21:30:41,5,sf,0,2.42,5
19,hulk,2018-10-02 21:17:31,2018-10-02 21:45:58,5,sf,0,3.36,3
18,superman,2018-10-02 21:19:05,2018-10-02 21:22:22,4,south sf,0,2.65,5
16,batman,2018-10-02 21:20:23,2018-10-02 21:28:34,5,south sf,0,3.02,5
16,hulk,2018-10-02 21:21:21,2018-10-02 21:31:15,2,sf,0,3.43,4
1,scarecrow,2018-10-02 21:22:55,2018-10-02 21:24:35,5,sf,0,3.42,4
12,spiderman,2018-10-02 21:25:32,2018-10-02 21:32:44,1,sf,0,6.34,5
6,robin,2018-10-02 21:25:45,2018-10-02 21:27:39,5,sf,0,2.38,3
5,superman,2018-10-02 21:27:24,2018-10-02 21:33:44,3,sf,0,2.13,4
7,scarecrow,2018-10-02 21:28:23,2018-10-02 21:38:28,3,sf,0,3.48,3
1,batman,2018-10-02 21:31:14,2018-10-02 21:59:58,2,sf,0,3.23,3
11,robin,2018-10-02 21:31:27,2018-10-02 21:46:04,1,sf,0,6.12,5
20,joker,2018-10-02 21:31:37,2018-10-02 21:44:10,1,sf,0,5.35,5
3,ironman,2018-10-02 21:31:49,2018-10-02 21:32:55,1,sf,0,5,5
18,scarecrow,2018-10-02 21:31:52,2018-10-02 21:41:41,4,sf,0,2.38,5
9,hulk,2018-10-02 21:32:45,2018-10-02 21:58:24,2,sf,0,2.77,3
12,batman,2018-10-02 21:35:14,2018-10-02 21:35:33,3,sf,0,2.07,5
11,hulk,2018-10-02 21:35:55,2018-10-02 21:47:48,1,sf,0,5.23,5
14,joker,2018-10-02 21:36:37,2018-10-02 22:56:58,1,sf,0,5.39,1
9,venom,2018-10-02 21:37:44,2018-10-02 21:45:53,4,sf,0,3,4
2,ironman,2018-10-02 21:37:55,2018-10-02 21:50:40,3,sf,0,2.66,5
14,hulk,2018-10-02 21:41:45,2018-10-02 21:53:24,1,sf,0,6.15,3
9,batman,2018-10-02 21:45:08,2018-10-02 21:52:36,3,sf,0,2.73,5
3,robin,2018-10-02 21:45:50,2018-10-02 21:46:57,2,sf,0,3.31,4
8,ironman,2018-10-02 21:45:57,2018-10-02 22:15:23,3,sf,0,2.98,3
14,joker,2018-10-02 21:45:59,2018-10-02 21:51:29,1,sf,0,5.4,3
1,batman,2018-10-02 21:46:48,2018-10-02 22:11:27,4,sf,0,2.45,3
7,superman,2018-10-02 21:47:20,2018-10-02 21:52:41,3,sf,0,2.66,5
5,ironman,2018-10-02 21:48:56,2018-10-02 21:56:42,2,sf,0,2.24,5
19,ironman,2018-10-02 21:51:46,2018-10-02 21:54:52,4,sf,0,2.41,3
14,venom,2018-10-02 21:51:52,2018-10-02 21:55:01,4,sf,0,2.06,5
7,ironman,2018-10-02 21:53:57,2018-10-02 22:06:31,4,sf,0,3.13,5
2,robin,2018-10-02 21:54:36,2018-10-02 21:54:52,3,south sf,0,2.42,5
3,robin,2018-10-02 21:57:15,2018-10-02 22:11:08,3,sf,0,2.89,5
1,robin,2018-10-02 21:58:48,2018-10-02 22:23:12,3,sf,0,2.62,3
11,batman,2018-10-02 21:59:07,2018-10-02 22:26:48,1,sf,0,5.95,3
6,hulk,2018-10-02 21:59:18,2018-10-02 22:11:37,5,sf,0,2.62,5
15,venom,2018-10-02 22:00:12,2018-10-02 22:10:33,4,sf,0,3.27,3
14,batman,2018-10-02 22:01:29,2018-10-02 22:04:34,4,sf,0,2.88,5
1,batman,2018-10-02 22:01:46,2018-10-02 22:13:48,1,sf,0,6.23,5
2,scarecrow,2018-10-02 22:03:25,2018-10-02 22:05:59,4,sf,0,2.65,4
6,hulk,2018-10-02 22:04:00,2018-10-02 22:31:48,2,sf,0,2.65,3
6,robin,2018-10-02 22:09:33,2018-10-02 22:29:46,1,south sf,0,5.03,3
11,superman,2018-10-02 22:09:42,2018-10-02 22:10:12,5,sf,0,2.52,5
9,superman,2018-10-02 22:09:53,2018-10-02 23:12:01,5,sf,0,2.35,2
3,venom,2018-10-02 22:10:00,2018-10-02 22:20:11,4,sf,0,2.46,5
7,robin,2018-10-02 22:11:02,2018-10-02 22:11:22,3,sf,0,2.66,4
10,hulk,2018-10-02 22:11:41,2018-10-02 22:13:22,4,sf,0,2.78,4
20,joker,2018-10-02 22:12:07,2018-10-02 22:12:35,2,sf,0,2.77,5
17,hulk,2018-10-02 22:12:32,2018-10-02 22:17:18,5,sf,0,3.42,5
14,spiderman,2018-10-02 22:14:08,2018-10-02 22:15:53,4,sf,0,3.45,5
17,batman,2018-10-02 22:15:23,2018-10-02 22:25:39,3,sf,0,2.29,3
1,batman,2018-10-02 22:15:45,2018-10-02 22:27:37,2,sf,0,2.15,3
2,batman,2018-10-02 22:16:53,2018-10-02 22:23:17,5,south sf,0,3.12,4
8,hulk,2018-10-02 22:18:35,2018-10-02 22:21:26,2,sf,0,2.85,4
4,scarecrow,2018-10-02 22:22:03,2018-10-02 22:43:52,2,sf,0,3.07,3
12,venom,2018-10-02 22:27:46,2018-10-02 22:28:40,4,sf,0,2.66,3
8,robin,2018-10-02 22:31:22,2018-10-02 22:40:07,4,sf,0,2.39,4
19,batman,2018-10-02 22:31:44,2018-10-02 22:43:35,3,sf,0,2.51,5
11,hulk,2018-10-02 22:34:35,2018-10-02 22:46:47,5,sf,0,2.28,3
16,hulk,2018-10-02 22:35:51,2018-10-02 22:43:38,1,sf,0,5.82,5
4,spiderman,2018-10-02 22:36:59,2018-10-02 22:50:24,3,sf,0,2.95,5
8,robin,2018-10-02 22:38:04,2018-10-02 22:59:50,2,sf,0,3.28,3
1,joker,2018-10-02 22:39:05,2018-10-02 23:02:18,4,sf,0,2.6,3
10,ironman,2018-10-02 22:39:21,2018-10-02 23:06:58,1,sf,0,5.62,3
6,scarecrow,2018-10-02 22:41:03,2018-10-02 23:03:57,1,sf,0,5.92,3
14,joker,2018-10-02 22:43:37,2018-10-02 22:53:23,1,south sf,0,5.52,3
4,superman,2018-10-02 22:45:02,2018-10-02 23:02:52,5,sf,0,2.66,2
6,hulk,2018-10-02 22:45:40,2018-10-02 23:03:58,4,sf,0,3.15,3
13,venom,2018-10-02 22:46:06,2018-10-02 22:54:04,2,sf,0,3.33,4
2,superman,2018-10-02 22:47:21,2018-10-02 22:55:08,3,sf,0,2.96,3
20,hulk,2018-10-02 22:47:22,2018-10-02 23:07:45,2,sf,0,2.24,3
19,robin,2018-10-02 22:48:04,2018-10-02 23:07:07,2,sf,0,2.42,3
5,robin,2018-10-02 22:49:10,2018-10-02 23:13:38,5,south sf,0,2.27,3
18,superman,2018-10-02 22:50:53,2018-10-02 23:02:51,2,sf,0,3.23,5
3,hulk,2018-10-02 22:51:32,2018-10-02 23:10:02,3,sf,0,2.27,3
5,robin,2018-10-02 22:51:53,2018-10-02 23:08:21,2,sf,0,2.92,3
19,joker,2018-10-02 22:52:57,2018-10-02 23:04:47,3,sf,0,2.86,3
1,venom,2018-10-02 22:53:57,2018-10-02 23:04:06,1,sf,0,5.93,3
5,hulk,2018-10-02 22:54:14,2018-10-02 23:05:49,4,sf,0,2.08,3
20,scarecrow,2018-10-02 22:55:03,2018-10-02 00:17:12,5,sf,0,3.1,2
8,robin,2018-10-02 22:55:04,2018-10-02 23:09:14,5,south sf,0,2.94,4
12,spiderman,2018-10-02 22:55:04,2018-10-02 23:00:19,3,sf,0,3.09,5
1,joker,2018-10-02 22:55:12,2018-10-02 22:59:42,1,sf,0,5.85,5
15,superman,2018-10-02 22:56:11,2018-10-02 22:56:36,4,sf,0,2.03,3
20,hulk,2018-10-02 22:56:22,2018-10-02 23:22:22,1,sf,0,5.19,3
7,batman,2018-10-02 22:56:41,2018-10-02 23:08:23,5,sf,0,2.35,5
1,batman,2018-10-02 22:57:07,2018-10-02 23:00:18,4,sf,0,2.59,5
14,batman,2018-10-02 22:57:36,2018-10-02 23:07:13,1,sf,0,5.42,5
14,hulk,2018-10-02 22:59:55,2018-10-02 23:01:01,4,sf,0,2.49,3
5,ironman,2018-10-02 23:01:08,2018-10-02 23:17:20,1,sf,0,5.87,3
11,robin,2018-10-02 23:02:14,2018-10-02 23:25:55,1,sf,0,5.15,3
18,spiderman,2018-10-02 23:02:48,2018-10-02 23:11:06,3,south sf,0,3.36,5
12,scarecrow,2018-10-02 23:03:04,2018-10-02 23:06:37,3,sf,0,2.73,4
5,joker,2018-10-02 23:04:50,2018-10-02 23:10:22,5,sf,0,2.97,5
16,robin,2018-10-02 23:05:15,2018-10-02 23:18:15,1,sf,0,5.36,3
7,ironman,2018-10-02 23:05:17,2018-10-02 23:05:36,1,sf,0,5.03,4
13,venom,2018-10-02 23:05:49,2018-10-02 23:32:04,4,sf,0,3.38,3
4,joker,2018-10-02 23:08:45,2018-10-02 23:23:11,4,sf,0,2.96,3
2,hulk,2018-10-02 23:09:01,2018-10-02 23:11:31,2,sf,0,2.11,5
17,batman,2018-10-02 23:09:57,2018-10-02 23:14:56,5,sf,0,2.3,5
1,joker,2018-10-02 23:10:33,2018-10-02 23:16:55,5,sf,0,2.63,5
17,spiderman,2018-10-02 23:11:19,2018-10-02 23:11:49,2,sf,0,2.04,5
3,spiderman,2018-10-02 23:11:37,2018-10-02 23:12:38,2,sf,0,2.05,5
11,venom,2018-10-02 23:12:21,2018-10-02 23:31:02,5,sf,0,2.27,3
12,spiderman,2018-10-02 23:13:12,2018-10-02 23:24:28,2,sf,0,2.85,3
19,spiderman,2018-10-02 23:13:24,2018-10-02 23:26:25,1,sf,0,6.46,3
2,ironman,2018-10-02 23:13:39,2018-10-02 23:28:00,3,sf,0,3.27,3
10,spiderman,2018-10-02 23:14:08,2018-10-02 23:26:13,3,sf,0,2.8,4
8,spiderman,2018-10-02 23:14:41,2018-10-02 23:19:13,5,sf,0,3.3,5
9,venom,2018-10-02 23:16:05,2018-10-02 23:17:57,4,sf,0,2.18,5
5,venom,2018-10-02 23:16:19,2018-10-02 23:38:37,1,sf,0,6.46,3
11,joker,2018-10-02 23:18:47,2018-10-02 23:35:47,5,sf,0,3.19,2
15,robin,2018-10-02 23:19:11,2018-10-02 23:36:16,1,sf,0,5.49,3
11,spiderman,2018-10-02 23:19:29,2018-10-02 23:45:32,2,sf,0,2.55,3
14,hulk,2018-10-02 23:19:41,2018-10-02 23:32:14,1,sf,0,5.98,5
15,hulk,2018-10-02 23:20:11,2018-10-02 23:34:59,3,sf,0,2.3,5
14,hulk,2018-10-02 23:24:31,2018-10-02 23:31:45,3,sf,0,2.63,5
9,ironman,2018-10-02 23:24:32,2018-10-02 23:27:35,2,sf,0,3.49,5
13,scarecrow,2018-10-02 23:24:42,2018-10-02 23:31:47,5,sf,0,3.49,5
10,venom,2018-10-02 23:26:03,2018-10-02 23:30:21,3,sf,0,3.37,3
18,ironman,2018-10-02 23:26:28,2018-10-02 23:50:05,3,sf,0,3.22,3
19,robin,2018-10-02 23:27:13,2018-10-02 23:56:35,2,sf,0,3.23,3
15,ironman,2018-10-02 23:27:31,2018-10-02 23:37:02,4,sf,0,3.22,5
8,joker,2018-10-02 23:27:47,2018-10-02 23:46:34,4,sf,0,3.35,3
15,batman,2018-10-02 23:28:57,2018-10-02 23:43:16,1,sf,0,5.83,5
8,batman,2018-10-02 23:29:25,2018-10-02 23:40:34,2,sf,0,2.53,3
16,superman,2018-10-02 23:29:36,2018-10-02 23:39:28,5,sf,0,2.41,5
19,venom,2018-10-02 23:30:43,2018-10-02 23:36:45,2,sf,0,3.15,5
4,scarecrow,2018-10-02 23:30:52,2018-10-02 23:33:15,1,sf,0,5.29,5
11,batman,2018-10-02 23:31:02,2018-10-02 23:31:32,3,sf,0,2.5,3
17,ironman,2018-10-02 23:31:32,2018-10-02 23:40:06,2,sf,0,2.9,3
20,joker,2018-10-02 23:32:06,2018-10-02 23:43:07,2,sf,0,2.93,3
10,joker,2018-10-02 23:33:28,2018-10-02 23:56:58,4,sf,0,2.68,3
1,robin,2018-10-02 23:35:22,2018-10-02 23:42:06,2,sf,0,2.57,3
19,superman,2018-10-02 23:35:27,2018-10-02 23:44:39,3,sf,0,2.19,4
15,venom,2018-10-02 23:35:33,2018-10-02 23:39:03,1,sf,0,5.41,5
17,batman,2018-10-02 23:36:35,2018-10-02 23:42:04,1,sf,0,5.6,3
19,ironman,2018-10-02 23:36:57,2018-10-02 23:48:59,3,sf,0,2.35,5
14,spiderman,2018-10-02 23:38:05,2018-10-02 23:48:01,4,sf,0,3.35,4
14,joker,2018-10-02 23:40:55,2018-10-02 00:07:27,3,sf,0,2.67,3
10,ironman,2018-10-02 23:42:05,2018-10-02 23:44:35,2,sf,0,2.67,5
4,hulk,2018-10-02 23:42:40,2018-10-02 00:03:36,3,sf,0,2.55,3
6,batman,2018-10-02 23:44:16,2018-10-02 23:44:17,2,sf,0,2.78,5
12,spiderman,2018-10-02 23:46:15,2018-10-02 23:55:14,2,sf,0,3.09,3
10,robin,2018-10-02 23:46:32,2018-10-02 23:47:01,1,sf,0,5.25,3
9,ironman,2018-10-02 23:46:35,2018-10-02 23:59:21,2,sf,0,2.58,5
6,robin,2018-10-02 23:47:56,2018-10-02 23:51:43,3,south sf,0,3.49,4
6,robin,2018-10-02 23:48:23,2018-10-02 23:55:47,4,sf,0,3.48,4
6,joker,2018-10-02 23:50:42,2018-10-02 00:18:41,4,sf,0,2.41,3
20,spiderman,2018-10-02 23:50:44,2018-10-02 00:03:42,4,sf,0,2.85,4
17,spiderman,2018-10-02 23:52:28,2018-10-02 00:07:29,3,sf,0,3.44,3
14,venom,2018-10-02 23:53:25,2018-10-02 00:02:56,1,sf,0,5.2,5
15,hulk,2018-10-02 23:55:02,2018-10-02 01:01:07,5,sf,0,2.71,2
15,superman,2018-10-02 23:55:12,2018-10-02 00:01:44,5,sf,0,3.16,4
2,superman,2018-10-02 23:55:51,2018-10-02 01:10:28,4,sf,1,2.75,1
10,batman,2018-10-02 23:56:08,2018-10-02 23:58:25,2,sf,0,3.38,5
6,scarecrow,2018-10-02 23:56:38,2018-10-02 00:09:30,1,sf,0,6.01,4
4,ironman,2018-10-02 23:57:16,2018-10-02 23:59:01,4,sf,0,3.21,3
8,robin,2018-10-02 23:58:03,2018-10-02 00:02:19,4,sf,0,2.61,4
19,scarecrow,2018-10-02 23:58:11,2018-10-02 00:11:47,3,sf,0,2.5,5
6,joker,2018-10-02 23:58:26,2018-10-02 00:11:53,4,sf,0,2.28,4
7,venom,2018-10-02 23:59:36,2018-10-02 00:10:15,5,sf,0,2.57,3
